team_A,team_B,Date,Year,Host,Round,Venue,home_manager,away_manager,target,A_goals_scored_last_5,A_goals_conceded_last_5,A_win_rate_last_5,A_matches_played_total,B_goals_scored_last_5,B_goals_conceded_last_5,B_win_rate_last_5,B_matches_played_total,is_host_A,is_host_B
France,Mexico,1930-07-13,1930,Uruguay,Group stage,"Pocitos, Montevideo",Raoul Caudron,Juan Luque,0,0,0,0.0,0,0,0,0.0,0,0,0
United States,Belgium,1930-07-13,1930,Uruguay,Group stage,"Parque Central, Montevideo",Bob Millar,Hector Goetinck,0,0,0,0.0,0,0,0,0.0,0,0,0
Yugoslavia,Brazil,1930-07-14,1930,Uruguay,Group stage,"Parque Central, Montevideo",Bosko Simonovic,Pindaro De Carvalho,0,0,0,0.0,0,0,0,0.0,0,0,0
Romania,Peru,1930-07-14,1930,Uruguay,Group stage,"Pocitos, Montevideo",Octav Luchide,Francisco Bru,0,0,0,0.0,0,0,0,0.0,0,0,0
Argentina,France,1930-07-15,1930,Uruguay,Group stage,"Parque Central, Montevideo",Francisco Olazar,Raoul Caudron,0,0,0,0.0,0,4,1,1.0,1,0,0
Chile,Mexico,1930-07-16,1930,Uruguay,Group stage,"Parque Central, Montevideo",Gyorgy Orth,Juan Luque,0,0,0,0.0,0,1,4,0.0,1,0,0
Yugoslavia,Bolivia,1930-07-17,1930,Uruguay,Group stage,"Parque Central, Montevideo",Bosko Simonovic,Ulises Saucedo,0,2,1,1.0,1,0,0,0.0,0,0,0
United States,Paraguay,1930-07-17,1930,Uruguay,Group stage,"Parque Central, Montevideo",Bob Millar,Jose Durand Laguna,0,3,0,1.0,1,0,0,0.0,0,0,0
Uruguay,Peru,1930-07-18,1930,Uruguay,Group stage,"Estadio Centenario, Montevideo",Alberto Suppici,Francisco Bru,0,0,0,0.0,0,1,3,0.0,1,1,0
Argentina,Mexico,1930-07-19,1930,Uruguay,Group stage,"Estadio Centenario, Montevideo",Francisco Olazar,Juan Luque,0,1,0,1.0,1,1,7,0.0,2,0,0
Chile,France,1930-07-19,1930,Uruguay,Group stage,"Estadio Centenario, Montevideo",Gyorgy Orth,Raoul Caudron,0,3,0,1.0,1,4,2,0.5,2,0,0
Paraguay,Belgium,1930-07-20,1930,Uruguay,Group stage,"Estadio Centenario, Montevideo",Jose Durand Laguna,Hector Goetinck,0,0,3,0.0,1,0,3,0.0,1,0,0
Brazil,Bolivia,1930-07-20,1930,Uruguay,Group stage,"Estadio Centenario, Montevideo",Pindaro De Carvalho,Ulises Saucedo,0,1,2,0.0,1,0,4,0.0,1,0,0
Uruguay,Romania,1930-07-21,1930,Uruguay,Group stage,"Estadio Centenario, Montevideo",Alberto Suppici,Octav Luchide,0,1,0,1.0,1,3,1,1.0,1,1,0
Argentina,Chile,1930-07-22,1930,Uruguay,Group stage,"Estadio Centenario, Montevideo",Francisco Olazar,Gyorgy Orth,0,7,3,1.0,2,4,0,1.0,2,0,0
Argentina,United States,1930-07-26,1930,Uruguay,Semi-finals,"Estadio Centenario, Montevideo",Francisco Olazar,Bob Millar,0,10,4,1.0,3,6,0,1.0,2,0,0
Uruguay,Yugoslavia,1930-07-27,1930,Uruguay,Semi-finals,"Estadio Centenario, Montevideo",Alberto Suppici,Bosko Simonovic,0,5,0,1.0,2,6,1,1.0,2,1,0
Uruguay,Argentina,1930-07-30,1930,Uruguay,Final,"Estadio Centenario, Montevideo",Alberto Suppici,Francisco Olazar,0,11,1,1.0,3,16,5,1.0,4,1,0
Czechoslovakia,Romania,1934-05-27,1934,Italy,Round of 16,"Littorio, Trieste",Karel Petru,Constantin Radulescu,0,0,0,0.0,0,3,5,0.5,2,0,0
Hungary,Egypt,1934-05-27,1934,Italy,Round of 16,"Giorgio Ascarelli, Naples",Odon Nadas,James Mcrea,0,0,0,0.0,0,0,0,0.0,0,0,0
Austria,France,1934-05-27,1934,Italy,Round of 16,"Stadio Benito Mussolini, Turin",Hugo Meisl,George Kimpton,0,0,0,0.0,0,4,3,0.3333333333333333,3,0,0
Spain,Brazil,1934-05-27,1934,Italy,Round of 16,"Luigi Ferraris, Genoa",Amadeo Garcia,Luiz Vinhaes,0,0,0,0.0,0,5,2,0.5,2,0,0
Sweden,Argentina,1934-05-27,1934,Italy,Round of 16,"Littorale, Bologna",Joszef Nagy,Felipe Pascucci,0,0,0,0.0,0,18,9,0.8,5,0,0
Italy,United States,1934-05-27,1934,Italy,Round of 16,"Nazionale PNF, Rome",Vittorio Pozzo,David Gould,0,0,0,0.0,0,7,6,0.6666666666666666,3,1,0
Switzerland,Netherlands,1934-05-27,1934,Italy,Round of 16,"San Siro, Milan",Henry Mueller,Bob Glendenning,0,0,0,0.0,0,0,0,0.0,0,0,0
Germany,Belgium,1934-05-27,1934,Italy,Round of 16,"Giovanni Berta, Florence",Otto Nerz,Hector Goetinck,0,0,0,0.0,0,0,4,0.0,2,0,0
Germany,Sweden,1934-05-31,1934,Italy,Quarter-finals,"San Siro, Milan",Otto Nerz,Joszef Nagy,0,5,2,1.0,1,3,2,1.0,1,0,0
Italy,Spain,1934-05-31,1934,Italy,Quarter-finals,"Giovanni Berta, Florence",Vittorio Pozzo,Amadeo Garcia,1,7,1,1.0,1,3,1,1.0,1,1,0
Czechoslovakia,Switzerland,1934-05-31,1934,Italy,Quarter-finals,"Stadio Benito Mussolini, Turin",Karel Petru,Henry Mueller,0,2,1,1.0,1,3,2,1.0,1,0,0
Austria,Hungary,1934-05-31,1934,Italy,Quarter-finals,"Littorale, Bologna",Hugo Meisl,Odon Nadas,0,3,2,1.0,1,4,2,1.0,1,0,0
Italy,Spain,1934-06-01,1934,Italy,Quarter-finals,"Giovanni Berta, Florence",Vittorio Pozzo,Amadeo Garcia,0,8,2,0.5,2,4,2,0.5,2,1,0
Czechoslovakia,Germany,1934-06-03,1934,Italy,Semi-finals,"Nazionale PNF, Rome",Karel Petru,Otto Nerz,0,5,3,1.0,2,7,3,1.0,2,0,0
Italy,Austria,1934-06-03,1934,Italy,Semi-finals,"San Siro, Milan",Vittorio Pozzo,Hugo Meisl,0,9,2,0.6666666666666666,3,5,3,1.0,2,1,0
Germany,Austria,1934-06-07,1934,Italy,Third-place match,"Giorgio Ascarelli, Naples",Otto Nerz,Hugo Meisl,0,8,6,0.6666666666666666,3,5,4,0.6666666666666666,3,0,0
Italy,Czechoslovakia,1934-06-10,1934,Italy,Final,"Nazionale PNF, Rome",Vittorio Pozzo,Karel Petru,0,10,2,0.75,4,8,4,1.0,3,1,0
Switzerland,Germany,1938-06-04,1938,France,Round of 16,"Parc des Princes, Paris",Karl Rappan,Sepp Herberger,1,5,5,0.5,2,11,8,0.75,4,0,0
Czechoslovakia,Netherlands,1938-06-05,1938,France,Round of 16,"Cavee Verte, Le Havre",Vaclav Meissner,Bob Glendenning,0,9,6,0.75,4,2,3,0.0,1,0,0
Brazil,Poland,1938-06-05,1938,France,Round of 16,"Stade de la Meinau, Strasbourg",Ademar Pimenta,Jozef Kaluza,0,6,5,0.3333333333333333,3,0,0,0.0,0,0,0
France,Belgium,1938-06-05,1938,France,Round of 16,"Stade Olympique, Colombes",Gaston Barreau,Jack Butler,0,6,6,0.25,4,2,9,0.0,3,1,0
Hungary,Dutch East Indies,1938-06-05,1938,France,Round of 16,"Velodrome Municipale, Reims",Karoly Dietz,Johannes Van Mastenbroek,0,5,4,0.5,2,0,0,0.0,0,0,0
Cuba,Romania,1938-06-05,1938,France,Round of 16,"Stade Municipal, Toulouse",Jose Tapia,Coloman Braun,1,0,0,0.0,0,4,7,0.3333333333333333,3,0,0
Italy,Norway,1938-06-05,1938,France,Round of 16,"Stade Vï¿1⁄2lodrome, Marseilles",Vittorio Pozzo,Asbjorn Halvorsen,0,12,3,0.8,5,0,0,0.0,0,0,0
Cuba,Romania,1938-06-09,1938,France,Round of 16,"Stade Municipal, Toulouse",Jose Tapia,Coloman Braun,0,3,3,0.0,1,7,10,0.25,4,0,0
Switzerland,Germany,1938-06-09,1938,France,Round of 16,"Parc des Princes, Paris",Karl Rappan,Sepp Herberger,0,6,6,0.3333333333333333,3,12,9,0.6,5,0,0
Sweden,Cuba,1938-06-12,1938,France,Quarter-finals,"Fort Carree, Antibes",Joszef Nagy,Jose Tapia,0,4,4,0.5,2,5,4,0.5,2,0,0
Italy,France,1938-06-12,1938,France,Quarter-finals,"Stade Olympique, Colombes",Vittorio Pozzo,Gaston Barreau,0,7,3,0.8,6,9,7,0.4,5,0,1
Hungary,Switzerland,1938-06-12,1938,France,Quarter-finals,"Victor Boucquey, Lille",Karoly Dietz,Karl Rappan,0,11,4,0.6666666666666666,3,10,8,0.5,4,0,0
Brazil,Czechoslovakia,1938-06-12,1938,France,Quarter-finals,"Stade du Parc Lescure, Bordeaux",Ademar Pimenta,Vaclav Meissner,1,12,10,0.5,4,12,6,0.8,5,0,0
Brazil,Czechoslovakia,1938-06-14,1938,France,Quarter-finals,"Stade du Parc Lescure, Bordeaux",Ademar Pimenta,Vaclav Meissner,0,13,11,0.4,5,11,6,0.6,6,0,0
Italy,Brazil,1938-06-16,1938,France,Semi-finals,"Stade Vï¿1⁄2lodrome, Marseilles",Vittorio Pozzo,Ademar Pimenta,0,9,3,1.0,7,14,10,0.6,6,0,0
Hungary,Sweden,1938-06-16,1938,France,Semi-finals,"Parc des Princes, Paris",Karoly Dietz,Joszef Nagy,0,13,4,0.75,4,12,4,0.6666666666666666,3,0,0
Italy,Hungary,1938-06-19,1938,France,Final,"Stade Olympique, Colombes",Vittorio Pozzo,Karoly Dietz,0,10,4,1.0,8,18,5,0.8,5,0,0
Brazil,Sweden,1938-06-19,1938,France,Third-place match,"Stade du Parc Lescure, Bordeaux",Ademar Pimenta,Joszef Nagy,0,11,12,0.4,7,13,9,0.5,4,0,0
Brazil,Mexico,1950-06-24,1950,Brazil,Group stage,"Maracanï¿1⁄2 - Estï¿1⁄2dio Jornalista Mï¿1⁄2rio Filho, Rio De Janeiro",Flavio Costa,Octavio Vial,0,14,11,0.6,8,4,13,0.0,3,1,0
Yugoslavia,Switzerland,1950-06-25,1950,Brazil,Group stage,"Independencia, Belo Horizonte",Milorad Arsenijevic,Franco Andreoli,0,7,7,0.6666666666666666,3,10,10,0.4,5,0,0
Spain,United States,1950-06-25,1950,Brazil,Group stage,"Durival de Brito, Curitiba",Guillermo Eizaguirre,Bill Jeffrey,0,4,3,0.3333333333333333,3,8,13,0.5,4,0,0
England,Chile,1950-06-25,1950,Brazil,Group stage,"Maracanï¿1⁄2 - Estï¿1⁄2dio Jornalista Mï¿1⁄2rio Filho, Rio De Janeiro",Walter Winterbottom,Arturo Bucciardi,0,0,0,0.0,0,5,3,0.6666666666666666,3,0,0
Sweden,Italy,1950-06-25,1950,Brazil,Group stage,"Pacaembu, Sao Paulo",George Raynor,Ferruccio Novo,0,15,13,0.4,5,13,6,1.0,9,0,0
Brazil,Switzerland,1950-06-28,1950,Brazil,Group stage,"Pacaembu, Sao Paulo",Flavio Costa,Franco Andreoli,1,12,6,0.6,9,7,11,0.2,6,1,0
Yugoslavia,Mexico,1950-06-28,1950,Brazil,Group stage,"Eucaliptos, Porto Alegre",Milorad Arsenijevic,Octavio Vial,0,10,7,0.75,4,4,17,0.0,4,0,0
Spain,Chile,1950-06-29,1950,Brazil,Group stage,"Maracanï¿1⁄2 - Estï¿1⁄2dio Jornalista Mï¿1⁄2rio Filho, Rio De Janeiro",Guillermo Eizaguirre,Arturo Bucciardi,0,7,4,0.5,4,5,5,0.5,4,0,0
Sweden,Paraguay,1950-06-29,1950,Brazil,Group stage,"Durival de Brito, Curitiba",George Raynor,Manuel Fleitas Solich,1,15,13,0.4,6,1,3,0.5,2,0,0
United States,England,1950-06-29,1950,Brazil,Group stage,"Independencia, Belo Horizonte",Bill Jeffrey,Walter Winterbottom,0,9,16,0.4,5,2,0,1.0,1,0,0
Brazil,Yugoslavia,1950-07-01,1950,Brazil,Group stage,"Maracanï¿1⁄2 - Estï¿1⁄2dio Jornalista Mï¿1⁄2rio Filho, Rio De Janeiro",Flavio Costa,Milorad Arsenijevic,0,13,7,0.6,10,14,8,0.8,5,1,0
Switzerland,Mexico,1950-07-02,1950,Brazil,Group stage,"Eucaliptos, Porto Alegre",Franco Andreoli,Octavio Vial,0,7,10,0.2,7,5,21,0.0,5,0,0
Spain,England,1950-07-02,1950,Brazil,Group stage,"Maracanï¿1⁄2 - Estï¿1⁄2dio Jornalista Mï¿1⁄2rio Filho, Rio De Janeiro",Guillermo Eizaguirre,Walter Winterbottom,0,9,4,0.6,5,2,1,0.5,2,0,0
Uruguay,Bolivia,1950-07-02,1950,Brazil,Group stage,"Independencia, Belo Horizonte",Juan Lopez,Mario Pretto,0,15,3,1.0,4,0,8,0.0,2,0,0
Italy,Paraguay,1950-07-02,1950,Brazil,Group stage,"Pacaembu, Sao Paulo",Ferruccio Novo,Manuel Fleitas Solich,0,13,8,0.8,10,3,5,0.3333333333333333,3,0,0
Chile,United States,1950-07-02,1950,Brazil,Group stage,"Ilha do Retiro, Recife",Arturo Bucciardi,Bill Jeffrey,0,5,7,0.4,5,7,16,0.4,6,0,0
Uruguay,Spain,1950-07-09,1950,Brazil,Final stage,"Pacaembu, Sao Paulo",Juan Lopez,Guillermo Eizaguirre,1,23,3,1.0,5,7,3,0.6,6,0,0
Brazil,Sweden,1950-07-09,1950,Brazil,Final stage,"Maracanï¿1⁄2 - Estï¿1⁄2dio Jornalista Mï¿1⁄2rio Filho, Rio De Janeiro",Flavio Costa,George Raynor,0,13,6,0.6,11,16,13,0.4,7,1,0
Uruguay,Sweden,1950-07-13,1950,Brazil,Final stage,"Pacaembu, Sao Paulo",Juan Lopez,George Raynor,0,24,5,0.8,6,9,20,0.2,8,0,0
Brazil,Spain,1950-07-13,1950,Brazil,Final stage,"Maracanï¿1⁄2 - Estï¿1⁄2dio Jornalista Mï¿1⁄2rio Filho, Rio De Janeiro",Flavio Costa,Guillermo Eizaguirre,0,19,5,0.8,12,8,4,0.6,7,1,0
Uruguay,Brazil,1950-07-16,1950,Brazil,Final stage,"Maracanï¿1⁄2 - Estï¿1⁄2dio Jornalista Mï¿1⁄2rio Filho, Rio De Janeiro",Juan Lopez,Flavio Costa,0,23,7,0.8,7,21,4,0.8,13,0,1
Sweden,Spain,1950-07-16,1950,Brazil,Final stage,"Pacaembu, Sao Paulo",George Raynor,Guillermo Eizaguirre,0,10,18,0.2,9,9,9,0.6,8,0,0
Uruguay,Czechoslovakia,1954-06-16,1954,Switzerland,Group stage,"Wankdorf Stadium, Berne",Juan Lopez,Oldrich Nejedly,0,19,7,0.8,8,9,6,0.4,7,0,0
Austria,Scotland,1954-06-16,1954,Switzerland,Group stage,"Hardturm, Zurich",Walter Nausch,Andy Battie,0,7,7,0.5,4,0,0,0.0,0,0,0
Brazil,Mexico,1954-06-16,1954,Switzerland,Group stage,"Charmilles, Geneva",Zeze Moreira,Antonio Lopez,0,18,6,0.6,14,5,19,0.0,6,0,0
Yugoslavia,France,1954-06-16,1954,Switzerland,Group stage,"La Pontaise, Lausanne",Aleksandar Tirnanic,Pierre Pibarot,0,12,9,0.6,6,6,9,0.2,6,0,0
England,Belgium,1954-06-17,1954,Switzerland,Group stage,"St. Jakob, Basel",Walter Winterbottom,Doug Livingstone,1,2,2,0.3333333333333333,3,3,12,0.0,4,0,0
Germany,Türkiye,1954-06-17,1954,Switzerland,Group stage,"Wankdorf Stadium, Berne",Sepp Herberger,Sandro Puppo,0,9,11,0.4,6,0,0,0.0,0,0,0
Hungary,South Korea,1954-06-17,1954,Switzerland,Group stage,"Hardturm, Zurich",Gusztav Sebes,Yong Shik Kim,0,16,7,0.6,6,0,0,0.0,0,0,0
Switzerland,Italy,1954-06-17,1954,Switzerland,Group stage,"La Pontaise, Lausanne",Karl Rappan,Lajos Czeizler,0,8,10,0.4,8,13,7,0.8,11,1,0
France,Mexico,1954-06-19,1954,Switzerland,Group stage,"Charmilles, Geneva",Pierre Pibarot,Antonio Lopez,0,6,9,0.2,7,5,21,0.0,7,0,0
Austria,Czechoslovakia,1954-06-19,1954,Switzerland,Group stage,"Hardturm, Zurich",Walter Nausch,Josef Cejp,0,8,7,0.6,5,6,7,0.2,8,0,0
Brazil,Yugoslavia,1954-06-19,1954,Switzerland,Group stage,"La Pontaise, Lausanne",Zeze Moreira,Aleksandar Tirnanic,1,21,4,0.8,15,9,9,0.6,7,0,0
Uruguay,Scotland,1954-06-19,1954,Switzerland,Group stage,"St. Jakob, Basel",Juan Lopez,Andy Battie,0,17,5,0.8,9,0,1,0.0,1,0,0
Türkiye,South Korea,1954-06-20,1954,Switzerland,Group stage,"Charmilles, Geneva",Sandro Puppo,Yong Shik Kim,0,1,4,0.0,1,0,9,0.0,1,0,0
Hungary,Germany,1954-06-20,1954,Switzerland,Group stage,"St. Jakob, Basel",Gusztav Sebes,Sepp Herberger,0,24,5,0.8,7,11,11,0.4,7,0,0
Switzerland,England,1954-06-20,1954,Switzerland,Group stage,"Wankdorf Stadium, Berne",Karl Rappan,Walter Winterbottom,2,6,9,0.4,9,6,6,0.25,4,1,0
Italy,Belgium,1954-06-20,1954,Switzerland,Group stage,"Comunale di Cornaredo, Lugano",Lajos Czeizler,Doug Livingstone,0,11,8,0.6,12,7,16,0.0,5,0,0
Switzerland,Italy,1954-06-23,1954,Switzerland,Group stage play-off,"St. Jakob, Basel",Karl Rappan,Lajos Czeizler,0,6,9,0.4,10,13,8,0.6,13,1,0
Germany,Türkiye,1954-06-23,1954,Switzerland,Group stage play-off,"Hardturm, Zurich",Sepp Herberger,Sandro Puppo,0,13,16,0.4,8,8,4,0.5,2,0,0
Switzerland,Austria,1954-06-26,1954,Switzerland,Quarter-finals,"La Pontaise, Lausanne",Karl Rappan,Walter Nausch,2,10,7,0.6,11,10,5,0.6,6,1,0
Uruguay,England,1954-06-26,1954,Switzerland,Quarter-finals,"St. Jakob, Basel",Juan Lopez,Walter Winterbottom,0,16,5,0.8,10,8,6,0.4,5,0,0
Hungary,Brazil,1954-06-27,1954,Switzerland,Quarter-finals,"Wankdorf Stadium, Berne",Gusztav Sebes,Zeze Moreira,0,26,8,0.8,8,20,5,0.6,16,0,0
Germany,Yugoslavia,1954-06-27,1954,Switzerland,Quarter-finals,"Charmilles, Geneva",Sepp Herberger,Aleksandar Tirnanic,0,17,16,0.4,9,9,4,0.6,8,0,0
Germany,Austria,1954-06-30,1954,Switzerland,Semi-finals,"St. Jakob, Basel",Sepp Herberger,Walter Nausch,0,18,15,0.6,10,15,9,0.6,7,0,0
Hungary,Uruguay,1954-06-30,1954,Switzerland,Semi-finals,"La Pontaise, Lausanne",Gusztav Sebes,Juan Lopez,0,28,10,0.8,9,18,5,1.0,11,0,0
Austria,Uruguay,1954-07-03,1954,Switzerland,Third-place match,"Hardturm, Zurich",Walter Nausch,Juan Lopez,0,16,14,0.6,8,17,7,0.8,12,0,0
Germany,Hungary,1954-07-04,1954,Switzerland,Final,"Wankdorf Stadium, Berne",Sepp Herberger,Gusztav Sebes,0,22,12,0.8,11,27,11,0.8,10,0,0
Sweden,Mexico,1958-06-08,1958,Sweden,Group stage,"Rasunda Stadium, Solna",George Raynor,Antonio Lopez,0,11,15,0.4,10,4,18,0.0,8,1,0
Northern Ireland,Czechoslovakia,1958-06-08,1958,Sweden,Group stage,"Orjans Vall, Halmstad",Peter Doherty,Karel Kolsky,0,0,0,0.0,0,5,10,0.2,9,0,0
Hungary,Wales,1958-06-08,1958,Sweden,Group stage,"Jarnvallen, Sandviken",Lajos Baroti,James Murphy,1,27,10,0.8,11,0,0,0.0,0,0,0
Brazil,Austria,1958-06-08,1958,Sweden,Group stage,"Rimnersvallen, Udevalla",Vicente Feola,Josef Argauer,0,15,8,0.4,17,17,12,0.8,9,0,0
Russia,England,1958-06-08,1958,Sweden,Group stage,"Nya Ullevi, Gothenburg",Gavril Kachalin,Walter Winterbottom,1,0,0,0.0,0,8,10,0.2,6,0,0
France,Paraguay,1958-06-08,1958,Sweden,Group stage,"Idrottsparken, Norrkï¿1⁄2Ping",Albert Batteaux,Aurelio Gonzalez,0,9,10,0.4,8,3,7,0.25,4,0,0
Argentina,Germany,1958-06-08,1958,Sweden,Group stage,"Malmo Stadion, Malmï¿1⁄2",Guillermo Stabile,Sepp Herberger,2,19,12,0.6,6,21,13,0.8,12,0,0
Yugoslavia,Scotland,1958-06-08,1958,Sweden,Group stage,"Arosvallen, Vasteras",Aleksandar Tirnanic,Dawson Walker,1,6,6,0.4,9,0,8,0.0,2,0,0
Mexico,Wales,1958-06-11,1958,Sweden,Group stage,"Rasunda Stadium, Solna",Antonio Lopez,James Murphy,1,4,17,0.0,9,1,1,0.0,1,0,0
Brazil,England,1958-06-11,1958,Sweden,Group stage,"Nya Ullevi, Gothenburg",Vicente Feola,Walter Winterbottom,1,12,7,0.4,18,10,11,0.2,7,0,0
Paraguay,Scotland,1958-06-11,1958,Sweden,Group stage,"Idrottsparken, Norrkï¿1⁄2Ping",Aurelio Gonzalez,Dawson Walker,0,6,14,0.2,5,1,9,0.0,3,0,0
Yugoslavia,France,1958-06-11,1958,Sweden,Group stage,"Arosvallen, Vasteras",Aleksandar Tirnanic,Albert Batteaux,0,3,6,0.2,10,14,10,0.6,9,0,0
Argentina,Northern Ireland,1958-06-11,1958,Sweden,Group stage,"Orjans Vall, Halmstad",Guillermo Stabile,Peter Doherty,0,14,12,0.4,7,1,0,1.0,1,0,0
Germany,Czechoslovakia,1958-06-11,1958,Sweden,Group stage,"Olympia Stadium, Helsingborg",Sepp Herberger,Karel Kolsky,1,21,6,1.0,13,2,11,0.0,10,0,0
Russia,Austria,1958-06-11,1958,Sweden,Group stage,"Ryavallen, Boras",Gavril Kachalin,Josef Argauer,0,2,2,0.0,1,16,15,0.6,10,0,0
Sweden,Hungary,1958-06-12,1958,Sweden,Group stage,"Rasunda Stadium, Solna",George Raynor,Lajos Baroti,0,11,13,0.4,11,19,11,0.6,12,1,0
Sweden,Wales,1958-06-15,1958,Sweden,Group stage,"Rasunda Stadium, Solna",George Raynor,James Murphy,1,11,12,0.6,12,2,2,0.0,2,1,0
Czechoslovakia,Argentina,1958-06-15,1958,Sweden,Group stage,"Olympia Stadium, Helsingborg",Karel Kolsky,Guillermo Stabile,0,3,12,0.0,11,14,12,0.4,8,0,0
Paraguay,Yugoslavia,1958-06-15,1958,Sweden,Group stage,"Tunavallen, Eskilstuna",Aurelio Gonzalez,Aleksandar Tirnanic,1,9,13,0.4,6,6,6,0.4,11,0,0
Brazil,Russia,1958-06-15,1958,Sweden,Group stage,"Nya Ullevi, Gothenburg",Vicente Feola,Gavril Kachalin,0,11,5,0.4,19,4,2,0.5,2,0,0
England,Austria,1958-06-15,1958,Sweden,Group stage,"Ryavallen, Boras",Walter Winterbottom,Josef Argauer,1,10,10,0.2,8,11,17,0.4,11,0,0
France,Scotland,1958-06-15,1958,Sweden,Group stage,"Eyravallen, Orebro",Albert Batteaux,Dawson Walker,0,13,12,0.4,10,3,12,0.0,4,0,0
Germany,Northern Ireland,1958-06-15,1958,Sweden,Group stage,"Malmo Stadion, Malmï¿1⁄2",Sepp Herberger,Peter Doherty,1,16,6,0.8,14,2,3,0.5,2,0,0
Hungary,Mexico,1958-06-15,1958,Sweden,Group stage,"Jarnvallen, Sandviken",Lajos Baroti,Antonio Lopez,0,12,10,0.4,13,4,14,0.0,10,0,0
Northern Ireland,Czechoslovakia,1958-06-17,1958,Sweden,Group stage play-off,"Malmo Stadion, Malmï¿1⁄2",Peter Doherty,Karel Kolsky,0,4,5,0.3333333333333333,3,8,11,0.2,12,0,0
Russia,England,1958-06-17,1958,Sweden,Group stage play-off,"Nya Ullevi, Gothenburg",Gavril Kachalin,Walter Winterbottom,0,4,4,0.3333333333333333,3,8,8,0.2,9,0,0
Wales,Hungary,1958-06-17,1958,Sweden,Group stage play-off,"Rasunda Stadium, Solna",James Murphy,Lajos Baroti,0,2,2,0.0,3,12,8,0.4,14,0,0
Sweden,Russia,1958-06-19,1958,Sweden,Quarter-finals,"Rasunda Stadium, Solna",George Raynor,Gavril Kachalin,0,10,5,0.6,13,5,4,0.5,4,1,0
Brazil,Wales,1958-06-19,1958,Sweden,Quarter-finals,"Nya Ullevi, Gothenburg",Vicente Feola,James Murphy,0,8,5,0.4,20,4,3,0.25,4,0,0
Germany,Yugoslavia,1958-06-19,1958,Sweden,Quarter-finals,"Malmo Stadion, Malmï¿1⁄2",Sepp Herberger,Aleksandar Tirnanic,0,16,8,0.6,15,8,9,0.2,12,0,0
France,Northern Ireland,1958-06-19,1958,Sweden,Quarter-finals,"Idrottsparken, Norrkï¿1⁄2Ping",Albert Batteaux,Peter Doherty,0,14,10,0.6,11,6,6,0.5,4,0,0
Brazil,France,1958-06-24,1958,Sweden,Semi-finals,"Rasunda Stadium, Solna",Vicente Feola,Albert Batteaux,0,8,4,0.6,21,18,9,0.8,12,0,0
Sweden,Germany,1958-06-24,1958,Sweden,Semi-finals,"Nya Ullevi, Gothenburg",George Raynor,Sepp Herberger,0,10,2,0.8,14,11,7,0.6,16,1,0
France,Germany,1958-06-28,1958,Sweden,Third-place match,"Nya Ullevi, Gothenburg",Albert Batteaux,Sepp Herberger,0,17,12,0.6,13,9,8,0.4,17,0,0
Brazil,Sweden,1958-06-29,1958,Sweden,Final,"Rasunda Stadium, Solna",Vicente Feola,George Raynor,0,11,2,0.8,22,10,2,0.8,15,0,1
Uruguay,Colombia,1962-05-30,1962,Chile,Group stage,"Carlos Dittborn, Arica",Juan Carlos Corazzo,Adolfo Pedernera,0,16,9,0.6,13,0,0,0.0,0,0,0
Chile,Switzerland,1962-05-30,1962,Chile,Group stage,"Nacional, Santiago De Chile",Fernando Riera,Karl Rappan,0,7,9,0.4,6,13,12,0.6,12,1,0
Argentina,Bulgaria,1962-05-30,1962,Chile,Group stage,"Estadio El Teniente-Codelco, Rancagua",Juan Carlos Lorenzo,Georgi Pachedzhiev,0,9,17,0.2,9,0,0,0.0,0,0,0
Brazil,Mexico,1962-05-30,1962,Chile,Group stage,"Estadio Sausalito, Vina Del Mar",Aymore Moreira,Ignacio Trellez,0,13,4,0.8,23,3,16,0.0,11,0,0
Czechoslovakia,Spain,1962-05-31,1962,Chile,Group stage,"Estadio Sausalito, Vina Del Mar",Rudolf Vytlacil,Helenio Herrera,0,9,11,0.2,13,7,11,0.4,9,0,0
Hungary,England,1962-05-31,1962,Chile,Group stage,"Estadio El Teniente-Codelco, Rancagua",Lajos Baroti,Walter Winterbottom,0,9,8,0.2,15,6,9,0.0,10,0,0
Germany,Italy,1962-05-31,1962,Chile,Group stage,"Nacional, Santiago De Chile",Sepp Herberger,Paolo Mazza,1,9,13,0.2,18,10,10,0.4,14,0,0
Russia,Yugoslavia,1962-05-31,1962,Chile,Group stage,"Carlos Dittborn, Arica",Gavril Kachalin,Ljubomir Lovric,0,5,6,0.4,5,7,9,0.2,13,0,0
Yugoslavia,Uruguay,1962-06-02,1962,Chile,Group stage,"Carlos Dittborn, Arica",Ljubomir Lovric,Juan Carlos Corazzo,0,7,9,0.2,14,16,10,0.6,14,0,0
England,Argentina,1962-06-02,1962,Chile,Group stage,"Estadio El Teniente-Codelco, Rancagua",Walter Winterbottom,Juan Carlos Lorenzo,0,5,7,0.0,11,8,13,0.4,10,0,0
Brazil,Czechoslovakia,1962-06-02,1962,Chile,Group stage,"Estadio Sausalito, Vina Del Mar",Aymore Moreira,Rudolf Vytlacil,1,15,4,1.0,24,10,6,0.4,14,0,0
Chile,Italy,1962-06-02,1962,Chile,Group stage,"Nacional, Santiago De Chile",Fernando Riera,Paolo Mazza,0,9,10,0.4,7,8,7,0.4,15,1,0
Germany,Switzerland,1962-06-03,1962,Chile,Group stage,"Nacional, Santiago De Chile",Sepp Herberger,Karl Rappan,0,7,11,0.2,19,12,14,0.4,13,0,0
Hungary,Bulgaria,1962-06-03,1962,Chile,Group stage,"Estadio El Teniente-Codelco, Rancagua",Lajos Baroti,Georgi Pachedzhiev,0,9,6,0.4,16,0,1,0.0,1,0,0
Russia,Colombia,1962-06-03,1962,Chile,Group stage,"Carlos Dittborn, Arica",Gavril Kachalin,Adolfo Pedernera,1,5,4,0.6,6,1,2,0.0,1,0,0
Spain,Mexico,1962-06-03,1962,Chile,Group stage,"Estadio Sausalito, Vina Del Mar",Helenio Herrera,Ignacio Trellez,0,5,12,0.2,10,3,13,0.0,12,0,0
Germany,Chile,1962-06-06,1962,Chile,Group stage,"Nacional, Santiago De Chile",Sepp Herberger,Fernando Riera,0,7,10,0.4,20,10,7,0.6,8,0,1
Hungary,Argentina,1962-06-06,1962,Chile,Group stage,"Estadio El Teniente-Codelco, Rancagua",Lajos Baroti,Juan Carlos Lorenzo,1,14,6,0.6,17,7,13,0.4,11,0,0
Brazil,Spain,1962-06-06,1962,Chile,Group stage,"Estadio Sausalito, Vina Del Mar",Aymore Moreira,Helenio Herrera,0,13,4,0.8,25,5,12,0.2,11,0,0
Russia,Uruguay,1962-06-06,1962,Chile,Group stage,"Carlos Dittborn, Arica",Gavril Kachalin,Juan Carlos Corazzo,0,7,8,0.4,7,10,13,0.4,15,0,0
Yugoslavia,Colombia,1962-06-07,1962,Chile,Group stage,"Carlos Dittborn, Arica",Ljubomir Lovric,Adolfo Pedernera,0,9,9,0.4,15,5,6,0.0,2,0,0
Italy,Switzerland,1962-06-07,1962,Chile,Group stage,"Nacional, Santiago De Chile",Paolo Mazza,Karl Rappan,0,6,9,0.2,16,11,15,0.2,14,0,0
Mexico,Czechoslovakia,1962-06-07,1962,Chile,Group stage,"Estadio Sausalito, Vina Del Mar",Ignacio Trellez,Rudolf Vytlacil,0,1,11,0.0,13,10,5,0.4,15,0,0
England,Bulgaria,1962-06-07,1962,Chile,Group stage,"Estadio El Teniente-Codelco, Rancagua",Walter Winterbottom,Georgi Pachedzhiev,1,6,6,0.2,12,1,7,0.0,2,0,0
Yugoslavia,Germany,1962-06-10,1962,Chile,Quarter-finals,"Nacional, Santiago De Chile",Ljubomir Lovric,Sepp Herberger,0,11,7,0.4,16,8,10,0.4,21,0,0
Czechoslovakia,Hungary,1962-06-10,1962,Chile,Quarter-finals,"Estadio El Teniente-Codelco, Rancagua",Rudolf Vytlacil,Lajos Baroti,0,9,6,0.4,16,13,4,0.6,18,0,0
Brazil,England,1962-06-10,1962,Chile,Quarter-finals,"Estadio Sausalito, Vina Del Mar",Aymore Moreira,Walter Winterbottom,0,14,5,0.8,26,6,6,0.2,13,0,0
Chile,Russia,1962-06-10,1962,Chile,Quarter-finals,"Carlos Dittborn, Arica",Fernando Riera,Gavril Kachalin,0,10,7,0.6,9,9,7,0.6,8,1,0
Czechoslovakia,Yugoslavia,1962-06-13,1962,Chile,Semi-finals,"Estadio Sausalito, Vina Del Mar",Rudolf Vytlacil,Ljubomir Lovric,0,4,5,0.4,17,9,4,0.6,17,0,0
Brazil,Chile,1962-06-13,1962,Chile,Semi-finals,"Nacional, Santiago De Chile",Aymore Moreira,Fernando Riera,0,12,4,0.8,27,12,6,0.8,10,0,1
Chile,Yugoslavia,1962-06-16,1962,Chile,Third-place match,"Nacional, Santiago De Chile",Fernando Riera,Ljubomir Lovric,0,9,8,0.6,11,10,6,0.6,18,1,0
Brazil,Czechoslovakia,1962-06-17,1962,Chile,Final,"Nacional, Santiago De Chile",Aymore Moreira,Rudolf Vytlacil,0,11,4,0.8,28,6,4,0.6,18,0,0
England,Uruguay,1966-07-11,1966,England,Group stage,"Wembley Stadium, London",Alf Ramsey,Ondino Viera,1,5,7,0.2,14,7,13,0.2,16,1,0
Russia,North Korea,1966-07-12,1966,England,Group stage,"Ayresome Park, Middlesbrough",Nikolai Morozov,Rye Hyun Myung,0,9,9,0.4,9,0,0,0.0,0,0,0
Brazil,Bulgaria,1966-07-12,1966,England,Group stage,"Goodison Park, Liverpool",Vicente Feola,Rudolf Vytlacil,0,12,5,0.8,29,1,7,0.0,3,0,0
Germany,Switzerland,1966-07-12,1966,England,Group stage,"Hillsborough, Sheffield",Helmut Schoen,Alfredo Foni,0,7,8,0.4,22,11,16,0.2,15,0,0
Portugal,Hungary,1966-07-13,1966,England,Group stage,"Old Trafford Stadium, Manchester",Otto Gloria,Lajos Baroti,0,0,0,0.0,0,9,5,0.4,19,0,0
Italy,Chile,1966-07-13,1966,England,Group stage,"Roker Park Ground, Sunderland",Edmondo Fabbri,Luis Alamos,0,8,7,0.4,17,7,7,0.6,12,0,0
France,Mexico,1966-07-13,1966,England,Group stage,"Wembley Stadium, London",Henri Guerin,Ignacio Trellez,1,16,12,0.6,14,4,9,0.2,14,0,0
Argentina,Spain,1966-07-13,1966,England,Group stage,"Villa Park, Birmingham",Juan Carlos Lorenzo,Jose Villalonga,0,6,10,0.4,12,4,12,0.2,12,0,0
North Korea,Chile,1966-07-15,1966,England,Group stage,"Ayresome Park, Middlesbrough",Rye Hyun Myung,Luis Alamos,1,0,3,0.0,1,5,9,0.4,13,0,0
Hungary,Brazil,1966-07-15,1966,England,Group stage,"Goodison Park, Liverpool",Lajos Baroti,Vicente Feola,0,9,6,0.4,20,14,5,1.0,30,0,0
Uruguay,France,1966-07-15,1966,England,Group stage,"White City, London",Ondino Viera,Henri Guerin,0,5,9,0.2,17,15,10,0.6,15,0,0
Spain,Switzerland,1966-07-15,1966,England,Group stage,"Hillsborough, Sheffield",Jose Villalonga,Alfredo Foni,0,4,8,0.2,13,7,20,0.0,16,0,0
Russia,Italy,1966-07-16,1966,England,Group stage,"Roker Park Ground, Sunderland",Nikolai Morozov,Edmondo Fabbri,0,12,7,0.6,10,6,6,0.4,18,0,0
Germany,Argentina,1966-07-16,1966,England,Group stage,"Villa Park, Birmingham",Helmut Schoen,Juan Carlos Lorenzo,1,9,2,0.6,23,5,10,0.4,13,0,0
England,Mexico,1966-07-16,1966,England,Group stage,"Wembley Stadium, London",Alf Ramsey,Ignacio Trellez,0,5,6,0.2,15,4,9,0.2,15,1,0
Portugal,Bulgaria,1966-07-16,1966,England,Group stage,"Old Trafford Stadium, Manchester",Otto Gloria,Rudolf Vytlacil,0,3,1,1.0,1,1,9,0.0,4,0,0
Portugal,Brazil,1966-07-19,1966,England,Group stage,"Goodison Park, Liverpool",Otto Gloria,Vicente Feola,0,6,1,1.0,2,13,7,0.8,31,0,0
Uruguay,Mexico,1966-07-19,1966,England,Group stage,"Wembley Stadium, London",Ondino Viera,Ignacio Trellez,1,6,7,0.4,18,4,7,0.2,16,0,0
North Korea,Italy,1966-07-19,1966,England,Group stage,"Ayresome Park, Middlesbrough",Rye Hyun Myung,Edmondo Fabbri,0,1,4,0.0,2,5,3,0.4,19,0,0
Argentina,Switzerland,1966-07-19,1966,England,Group stage,"Hillsborough, Sheffield",Juan Carlos Lorenzo,Alfredo Foni,0,4,4,0.4,14,3,15,0.0,17,0,0
Russia,Chile,1966-07-20,1966,England,Group stage,"Roker Park Ground, Sunderland",Nikolai Morozov,Luis Alamos,0,11,7,0.6,11,6,8,0.4,14,0,0
Germany,Spain,1966-07-20,1966,England,Group stage,"Villa Park, Birmingham",Helmut Schoen,Jose Villalonga,0,9,2,0.6,24,5,6,0.4,14,0,0
Hungary,Bulgaria,1966-07-20,1966,England,Group stage,"Old Trafford Stadium, Manchester",Lajos Baroti,Rudolf Vytlacil,0,10,6,0.4,21,1,12,0.0,5,0,0
England,France,1966-07-20,1966,England,Group stage,"Wembley Stadium, London",Alf Ramsey,Henri Guerin,0,6,4,0.4,16,14,11,0.4,16,1,0
Germany,Uruguay,1966-07-23,1966,England,Quarter-finals,"Hillsborough, Sheffield",Helmut Schoen,Ondino Viera,0,9,2,0.6,25,4,6,0.2,19,0,0
Russia,Hungary,1966-07-23,1966,England,Quarter-finals,"Roker Park Ground, Sunderland",Nikolai Morozov,Lajos Baroti,0,9,4,0.8,12,7,6,0.4,22,0,0
England,Argentina,1966-07-23,1966,England,Quarter-finals,"Wembley Stadium, London",Alf Ramsey,Juan Carlos Lorenzo,0,5,3,0.4,17,5,4,0.4,15,1,0
Portugal,North Korea,1966-07-23,1966,England,Quarter-finals,"Goodison Park, Liverpool",Otto Gloria,Rye Hyun Myung,0,9,2,1.0,3,2,4,0.3333333333333333,3,0,0
Germany,Russia,1966-07-25,1966,England,Semi-finals,"Goodison Park, Liverpool",Helmut Schoen,Nikolai Morozov,0,11,2,0.6,26,9,4,0.8,13,0,0
England,Portugal,1966-07-26,1966,England,Semi-finals,"Wembley Stadium, London",Alf Ramsey,Otto Gloria,0,6,3,0.6,18,14,5,1.0,4,1,0
Portugal,Russia,1966-07-28,1966,England,Third-place match,"Wembley Stadium, London",Otto Gloria,Nikolai Morozov,0,15,7,0.8,5,9,4,0.8,14,0,0
England,Germany,1966-07-30,1966,England,Final,"Wembley Stadium, London",Alf Ramsey,Helmut Schoen,0,7,1,0.8,19,13,2,0.8,27,1,0
Mexico,Russia,1970-05-31,1970,Mexico,Group stage,"Estadio Azteca, Mexico City",Raul Cardenas,Gavril Kachalin,1,4,5,0.2,17,7,6,0.6,15,1,0
Uruguay,Israel,1970-06-02,1970,Mexico,Group stage,"Cuauhtemoc, Puebla",Juan Hohberg,Emmanuel Sheffer,0,3,7,0.2,20,0,0,0.0,0,0,0
Peru,Bulgaria,1970-06-02,1970,Mexico,Group stage,"Nou Camp - Estadio Leï¿1⁄2n, Leon",Didi,Stefan Bozhkov,0,1,4,0.0,2,2,14,0.0,6,0,0
England,Romania,1970-06-02,1970,Mexico,Group stage,"Jalisco, Guadalajara",Alf Ramsey,Angelo Niculescu,0,11,3,1.0,20,8,12,0.2,5,0,0
Germany,Morocco,1970-06-03,1970,Mexico,Group stage,"Nou Camp - Estadio Leï¿1⁄2n, Leon",Helmut Schoen,Blagoje Vidinic,0,10,6,0.6,28,0,0,0.0,0,0,0
Italy,Sweden,1970-06-03,1970,Mexico,Group stage,"Luis Dosal, Toluca",Ferruccio Valcareggi,Orvar Bergmark,0,5,4,0.4,20,9,7,0.6,16,0,0
Brazil,Czechoslovakia,1970-06-03,1970,Mexico,Group stage,"Jalisco, Guadalajara",Mario Zagallo,Jozef Marko,0,11,9,0.6,32,6,7,0.4,19,0,0
Belgium,El Salvador,1970-06-03,1970,Mexico,Group stage,"Estadio Azteca, Mexico City",Raymond Goethals,Hernan Carrasco,0,8,17,0.0,6,0,0,0.0,0,0,0
Peru,Morocco,1970-06-06,1970,Mexico,Group stage,"Nou Camp - Estadio Leï¿1⁄2n, Leon",Didi,Blagoje Vidinic,0,4,6,0.3333333333333333,3,1,2,0.0,1,0,0
Russia,Belgium,1970-06-06,1970,Mexico,Group stage,"Estadio Azteca, Mexico City",Gavril Kachalin,Raymond Goethals,0,6,6,0.4,16,11,16,0.2,7,0,0
Uruguay,Italy,1970-06-06,1970,Mexico,Group stage,"Cuauhtemoc, Puebla",Juan Hohberg,Ferruccio Valcareggi,1,4,5,0.4,21,6,2,0.6,21,0,0
Romania,Czechoslovakia,1970-06-06,1970,Mexico,Group stage,"Jalisco, Guadalajara",Angelo Niculescu,Jozef Marko,0,5,12,0.0,6,7,11,0.4,20,0,0
Mexico,El Salvador,1970-06-07,1970,Mexico,Group stage,"Estadio Azteca, Mexico City",Raul Cardenas,Hernan Carrasco,0,4,4,0.2,18,0,3,0.0,1,1,0
Germany,Bulgaria,1970-06-07,1970,Mexico,Group stage,"Nou Camp - Estadio Leï¿1⁄2n, Leon",Helmut Schoen,Stefan Bozhkov,0,12,7,0.8,29,3,11,0.0,7,0,0
Sweden,Israel,1970-06-07,1970,Mexico,Group stage,"Luis Dosal, Toluca",Orvar Bergmark,Emmanuel Sheffer,1,7,7,0.4,17,0,2,0.0,1,0,0
Brazil,England,1970-06-07,1970,Mexico,Group stage,"Jalisco, Guadalajara",Mario Zagallo,Alf Ramsey,0,11,8,0.6,33,10,3,1.0,21,0,0
Russia,El Salvador,1970-06-10,1970,Mexico,Group stage,"Estadio Azteca, Mexico City",Gavril Kachalin,Hernan Carrasco,0,8,6,0.4,17,0,7,0.0,2,0,0
Sweden,Uruguay,1970-06-10,1970,Mexico,Group stage,"Cuauhtemoc, Puebla",Orvar Bergmark,Juan Hohberg,0,8,8,0.4,18,4,5,0.4,22,0,0
Brazil,Romania,1970-06-10,1970,Mexico,Group stage,"Jalisco, Guadalajara",Mario Zagallo,Angelo Niculescu,0,9,7,0.6,34,7,9,0.2,7,0,0
Germany,Peru,1970-06-10,1970,Mexico,Group stage,"Nou Camp - Estadio Leï¿1⁄2n, Leon",Helmut Schoen,Didi,0,15,8,0.8,30,7,6,0.5,4,0,0
England,Czechoslovakia,1970-06-11,1970,Mexico,Group stage,"Jalisco, Guadalajara",Alf Ramsey,Jozef Marko,0,8,4,0.8,22,7,10,0.4,21,0,0
Bulgaria,Morocco,1970-06-11,1970,Mexico,Group stage,"Nou Camp - Estadio Leï¿1⁄2n, Leon",Stefan Bozhkov,Blagoje Vidinic,1,5,16,0.0,8,1,5,0.0,2,0,0
Italy,Israel,1970-06-11,1970,Mexico,Group stage,"Luis Dosal, Toluca",Ferruccio Valcareggi,Emmanuel Sheffer,1,3,2,0.4,22,1,3,0.0,2,0,0
Mexico,Belgium,1970-06-11,1970,Mexico,Group stage,"Estadio Azteca, Mexico City",Raul Cardenas,Raymond Goethals,0,5,3,0.2,19,10,15,0.2,8,1,0
Germany,England,1970-06-14,1970,Mexico,Quarter-finals,"Nou Camp - Estadio Leï¿1⁄2n, Leon",Helmut Schoen,Alf Ramsey,0,14,9,0.8,31,8,4,0.8,23,0,0
Uruguay,Russia,1970-06-14,1970,Mexico,Quarter-finals,"Estadio Azteca, Mexico City",Juan Hohberg,Gavril Kachalin,0,2,5,0.2,23,8,5,0.4,18,0,0
Italy,Mexico,1970-06-14,1970,Mexico,Quarter-finals,"Luis Dosal, Toluca",Ferruccio Valcareggi,Raul Cardenas,0,1,2,0.2,23,5,2,0.4,20,0,1
Brazil,Peru,1970-06-14,1970,Mexico,Quarter-finals,"Jalisco, Guadalajara",Mario Zagallo,Didi,0,10,9,0.6,35,8,9,0.4,5,0,0
Brazil,Uruguay,1970-06-17,1970,Mexico,Semi-finals,"Jalisco, Guadalajara",Mario Zagallo,Juan Hohberg,0,13,8,0.8,36,3,5,0.4,24,0,0
Italy,Germany,1970-06-17,1970,Mexico,Semi-finals,"Estadio Azteca, Mexico City",Ferruccio Valcareggi,Helmut Schoen,0,5,2,0.4,24,15,10,0.8,32,0,0
Germany,Uruguay,1970-06-20,1970,Mexico,Third-place match,"Estadio Azteca, Mexico City",Helmut Schoen,Juan Hohberg,0,16,10,0.8,33,4,4,0.4,25,0,0
Brazil,Italy,1970-06-21,1970,Mexico,Final,"Estadio Azteca, Mexico City",Mario Zagallo,Ferruccio Valcareggi,0,15,6,1.0,37,9,4,0.6,25,0,0
Brazil,Yugoslavia,1974-06-13,1974,Germany,First round,"Waldstadion, Frankfurt/Main",Mario Zagallo,Miljan Miljanic,1,15,6,1.0,38,10,5,0.6,19,0,0
Zaire,Scotland,1974-06-14,1974,Germany,First round,"Westfalenstadion, Dortmund",Blagoje Vidinic,Willie Ormond,2,0,0,0.0,0,4,14,0.0,5,0,0
Germany DR,Australia,1974-06-14,1974,Germany,First round,"Volksparkstadion, Hamburg",Georg Buschner,Rale Rasic,0,0,0,0.0,0,0,0,0.0,0,0,0
Germany,Chile,1974-06-14,1974,Germany,First round,"Olympiastadion, Berlin West",Helmut Schoen,Luis Alamos,0,15,9,0.8,34,5,9,0.2,15,1,0
Poland,Argentina,1974-06-15,1974,Germany,First round,"Neckarstadion, Stuttgart",Kazimierz Gorski,Vladislao Cap,0,5,6,0.0,1,4,2,0.4,16,0,0
Italy,Haiti,1974-06-15,1974,Germany,First round,"Olympiastadion, Munich",Ferruccio Valcareggi,Antoine Tassy,0,9,8,0.4,26,0,0,0.0,0,0,0
Sweden,Bulgaria,1974-06-15,1974,Germany,First round,"Rheinstadion, Dï¿1⁄2Sseldorf",Georg Ericson,Hristo Mladenov,1,7,8,0.4,19,6,15,0.0,9,0,0
Uruguay,Netherlands,1974-06-15,1974,Germany,First round,"Niedersachsenstadion, Hanover",Roberto Porta,Rinus Michels,2,2,5,0.2,26,2,6,0.0,2,0,0
Australia,Germany,1974-06-18,1974,Germany,First round,"Volksparkstadion, Hamburg",Rale Rasic,Helmut Schoen,2,0,2,0.0,1,11,7,0.8,35,0,1
Yugoslavia,Zaire,1974-06-18,1974,Germany,First round,"Parkstadion, Gelsenkirchen",Miljan Miljanic,Blagoje Vidinic,0,7,4,0.4,20,0,2,0.0,1,0,0
Scotland,Brazil,1974-06-18,1974,Germany,First round,"Waldstadion, Frankfurt/Main",Willie Ormond,Mario Zagallo,1,6,13,0.2,6,14,6,0.8,39,0,0
Chile,Germany DR,1974-06-18,1974,Germany,First round,"Olympiastadion, Berlin West",Luis Alamos,Georg Buschner,1,3,6,0.2,16,2,0,1.0,1,0,0
Netherlands,Sweden,1974-06-19,1974,Germany,First round,"Westfalenstadion, Dortmund",Rinus Michels,Georg Ericson,1,4,6,0.3333333333333333,3,4,7,0.2,20,0,0
Haiti,Poland,1974-06-19,1974,Germany,First round,"Olympiastadion, Munich",Antoine Tassy,Kazimierz Gorski,2,1,3,0.0,1,8,8,0.5,2,0,0
Argentina,Italy,1974-06-19,1974,Germany,First round,"Neckarstadion, Stuttgart",Vladislao Cap,Ferruccio Valcareggi,1,6,5,0.4,17,12,9,0.6,27,0,0
Bulgaria,Uruguay,1974-06-19,1974,Germany,First round,"Niedersachsenstadion, Hanover",Hristo Mladenov,Roberto Porta,1,6,12,0.0,10,2,7,0.2,27,0,0
Scotland,Yugoslavia,1974-06-22,1974,Germany,First round,"Waldstadion, Frankfurt/Main",Willie Ormond,Miljan Miljanic,1,6,6,0.2,7,11,4,0.4,21,0,0
Germany DR,Germany,1974-06-22,1974,Germany,First round,"Volksparkstadion, Hamburg",Georg Buschner,Helmut Schoen,0,3,1,0.5,2,11,6,0.8,36,0,1
Zaire,Brazil,1974-06-22,1974,Germany,First round,"Parkstadion, Gelsenkirchen",Blagoje Vidinic,Mario Zagallo,2,0,11,0.0,2,11,4,0.6,40,0,0
Australia,Chile,1974-06-22,1974,Germany,First round,"Olympiastadion, Berlin West",Rale Rasic,Luis Alamos,1,0,5,0.0,2,3,7,0.0,17,0,0
Argentina,Haiti,1974-06-23,1974,Germany,First round,"Olympiastadion, Munich",Vladislao Cap,Antoine Tassy,0,5,5,0.2,18,1,10,0.0,2,0,0
Sweden,Uruguay,1974-06-23,1974,Germany,First round,"Rheinstadion, Dï¿1⁄2Sseldorf",Georg Ericson,Roberto Porta,0,2,2,0.2,21,3,7,0.2,28,0,0
Poland,Italy,1974-06-23,1974,Germany,First round,"Neckarstadion, Stuttgart",Kazimierz Gorski,Ferruccio Valcareggi,0,15,8,0.6666666666666666,3,13,10,0.6,28,0,0
Bulgaria,Netherlands,1974-06-23,1974,Germany,First round,"Westfalenstadion, Dortmund",Hristo Mladenov,Rinus Michels,2,6,10,0.0,11,4,6,0.25,4,0,0
Netherlands,Argentina,1974-06-26,1974,Germany,Second round,"Parkstadion, Gelsenkirchen",Rinus Michels,Vladislao Cap,0,8,7,0.4,5,9,6,0.4,19,0,0
Sweden,Poland,1974-06-26,1974,Germany,Second round,"Neckarstadion, Stuttgart",Georg Ericson,Kazimierz Gorski,2,5,1,0.4,22,17,9,0.75,4,0,0
Brazil,Germany DR,1974-06-26,1974,Germany,Second round,"Niedersachsenstadion, Hanover",Mario Zagallo,Georg Buschner,0,10,2,0.6,41,4,1,0.6666666666666666,3,0,0
Yugoslavia,Germany,1974-06-26,1974,Germany,Second round,"Rheinstadion, Dï¿1⁄2Sseldorf",Miljan Miljanic,Helmut Schoen,2,11,5,0.2,22,8,5,0.6,37,0,1
Argentina,Brazil,1974-06-30,1974,Germany,Second round,"Niedersachsenstadion, Hanover",Vladislao Cap,Mario Zagallo,2,7,10,0.2,20,8,1,0.6,42,0,0
Poland,Yugoslavia,1974-06-30,1974,Germany,Second round,"Waldstadion, Frankfurt/Main",Kazimierz Gorski,Miljan Miljanic,0,18,9,0.8,5,10,4,0.2,23,0,0
Germany,Sweden,1974-06-30,1974,Germany,Second round,"Rheinstadion, Dï¿1⁄2Sseldorf",Helmut Schoen,Georg Ericson,0,7,1,0.8,38,4,1,0.4,23,1,0
Germany DR,Netherlands,1974-06-30,1974,Germany,Second round,"Parkstadion, Gelsenkirchen",Georg Buschner,Rinus Michels,2,4,2,0.5,4,10,4,0.6,6,0,0
Sweden,Yugoslavia,1974-07-03,1974,Germany,Second round,"Rheinstadion, Dï¿1⁄2Sseldorf",Georg Ericson,Miljan Miljanic,0,5,5,0.2,24,11,5,0.2,24,0,0
Argentina,Germany DR,1974-07-03,1974,Germany,Second round,"Parkstadion, Gelsenkirchen",Vladislao Cap,Georg Buschner,1,8,11,0.2,21,4,4,0.4,5,0,0
Netherlands,Brazil,1974-07-03,1974,Germany,Second round,"Westfalenstadion, Dortmund",Rinus Michels,Mario Zagallo,0,12,1,0.8,7,6,1,0.6,43,0,0
Poland,Germany,1974-07-03,1974,Germany,Second round,"Waldstadion, Frankfurt/Main",Kazimierz Gorski,Helmut Schoen,2,15,4,1.0,6,10,3,0.8,39,0,1
Brazil,Poland,1974-07-06,1974,Germany,Third-place match,"Olympiastadion, Munich",Mario Zagallo,Kazimierz Gorski,2,6,3,0.6,44,12,3,0.8,7,0,0
Netherlands,Germany,1974-07-07,1974,Germany,Final,"Olympiastadion, Munich",Rinus Michels,Helmut Schoen,2,12,1,0.8,8,10,3,0.8,40,0,1
Germany,Poland,1978-06-01,1978,Argentina,First round,"El Monumental - Estadio Monumental Antonio Vespuci, Buenos Aires",Helmut Schoen,Jacek Gmoch,1,9,4,0.8,41,6,3,0.8,8,0,0
Argentina,Hungary,1978-06-02,1978,Argentina,First round,"El Monumental - Estadio Monumental Antonio Vespuci, Buenos Aires",Cesar Luis Menotti,Lajos Baroti,0,7,9,0.2,22,8,8,0.4,23,1,0
Tunisia,Mexico,1978-06-02,1978,Argentina,First round,"Arroyito - Estadio Dr. Lisandro de la Torre, Rosario",Abdelmajid Chetali,Jose Roca,0,0,0,0.0,0,6,4,0.4,21,0,0
Italy,France,1978-06-02,1978,Argentina,First round,"Estadio Josï¿1⁄2 Marï¿1⁄2a Minella, Mar Del Plata",Enzo Bearzot,Michel Hidalgo,0,10,11,0.4,29,10,13,0.2,17,0,0
Austria,Spain,1978-06-03,1978,Argentina,First round,"Jose Amalfitani, Buenos Aires",Helmut Senekowitsch,Ladislao Kubala,0,6,14,0.2,12,6,7,0.4,15,0,0
Sweden,Brazil,1978-06-03,1978,Argentina,First round,"Estadio Josï¿1⁄2 Marï¿1⁄2a Minella, Mar Del Plata",Georg Ericson,Claudio Coutinho,1,7,6,0.4,25,6,4,0.6,45,0,0
Netherlands,Iran,1978-06-03,1978,Argentina,First round,"San Martin, Mendoza",Ernst Happel,Heshmat Mohadjerani,0,13,3,0.8,9,0,0,0.0,0,0,0
Peru,Scotland,1978-06-03,1978,Argentina,First round,"Estadio Olï¿1⁄2mpico Chateau Carreras, Cordoba",Marcos Calderon,Alistair Macleod,0,9,10,0.4,6,6,6,0.2,8,0,0
Poland,Tunisia,1978-06-06,1978,Argentina,First round,"Arroyito - Estadio Dr. Lisandro de la Torre, Rosario",Jacek Gmoch,Abdelmajid Chetali,0,4,2,0.6,9,3,1,1.0,1,0,0
Germany,Mexico,1978-06-06,1978,Argentina,First round,"Estadio Olï¿1⁄2mpico Chateau Carreras, Cordoba",Helmut Schoen,Jose Roca,0,9,3,0.8,42,7,7,0.4,22,0,0
Italy,Hungary,1978-06-06,1978,Argentina,First round,"Estadio Josï¿1⁄2 Marï¿1⁄2a Minella, Mar Del Plata",Enzo Bearzot,Lajos Baroti,0,8,9,0.4,30,9,9,0.4,24,0,0
Argentina,France,1978-06-06,1978,Argentina,First round,"El Monumental - Estadio Monumental Antonio Vespuci, Buenos Aires",Cesar Luis Menotti,Michel Hidalgo,0,8,9,0.4,23,9,10,0.2,18,1,0
Scotland,Iran,1978-06-07,1978,Argentina,First round,"Estadio Olï¿1⁄2mpico Chateau Carreras, Cordoba",Alistair Macleod,Heshmat Mohadjerani,1,5,6,0.2,9,0,3,0.0,1,0,0
Netherlands,Peru,1978-06-07,1978,Argentina,First round,"San Martin, Mendoza",Ernst Happel,Marcos Calderon,1,12,2,0.8,10,12,10,0.6,7,0,0
Brazil,Spain,1978-06-07,1978,Argentina,First round,"Estadio Josï¿1⁄2 Marï¿1⁄2a Minella, Mar Del Plata",Claudio Coutinho,Ladislao Kubala,1,4,5,0.4,46,6,9,0.2,16,0,0
Austria,Sweden,1978-06-07,1978,Argentina,First round,"Jose Amalfitani, Buenos Aires",Helmut Senekowitsch,Georg Ericson,0,7,9,0.4,13,8,7,0.4,26,0,0
Italy,Argentina,1978-06-10,1978,Argentina,First round,"El Monumental - Estadio Monumental Antonio Vespuci, Buenos Aires",Enzo Bearzot,Cesar Luis Menotti,0,10,6,0.6,31,6,9,0.4,24,0,1
Germany,Tunisia,1978-06-10,1978,Argentina,First round,"Estadio Olï¿1⁄2mpico Chateau Carreras, Cordoba",Helmut Schoen,Abdelmajid Chetali,1,13,3,0.8,43,3,2,0.5,2,0,0
Poland,Mexico,1978-06-10,1978,Argentina,First round,"Arroyito - Estadio Dr. Lisandro de la Torre, Rosario",Jacek Gmoch,Jose Roca,0,4,2,0.6,10,7,13,0.4,23,0,0
France,Hungary,1978-06-10,1978,Argentina,First round,"Estadio Josï¿1⁄2 Marï¿1⁄2a Minella, Mar Del Plata",Michel Hidalgo,Lajos Baroti,0,4,9,0.0,19,9,9,0.4,25,0,0
Brazil,Austria,1978-06-11,1978,Argentina,First round,"Estadio Josï¿1⁄2 Marï¿1⁄2a Minella, Mar Del Plata",Claudio Coutinho,Helmut Senekowitsch,0,3,5,0.2,47,5,8,0.4,14,0,0
Peru,Iran,1978-06-11,1978,Argentina,First round,"Estadio Olï¿1⁄2mpico Chateau Carreras, Cordoba",Marcos Calderon,Heshmat Mohadjerani,0,9,8,0.4,8,1,4,0.0,2,0,0
Spain,Sweden,1978-06-11,1978,Argentina,First round,"Jose Amalfitani, Buenos Aires",Ladislao Kubala,Georg Ericson,0,5,7,0.2,17,5,8,0.2,27,0,0
Scotland,Netherlands,1978-06-11,1978,Argentina,First round,"San Martin, Mendoza",Alistair Macleod,Ernst Happel,0,5,5,0.2,10,8,2,0.6,11,0,0
Argentina,Poland,1978-06-14,1978,Argentina,Second round,"Arroyito - Estadio Dr. Lisandro de la Torre, Rosario",Cesar Luis Menotti,Jacek Gmoch,0,6,6,0.4,25,5,2,0.6,11,1,0
Brazil,Peru,1978-06-14,1978,Argentina,Second round,"San Martin, Mendoza",Claudio Coutinho,Marcos Calderon,0,2,4,0.2,48,10,9,0.4,9,0,0
Germany,Italy,1978-06-14,1978,Argentina,Second round,"El Monumental - Estadio Monumental Antonio Vespuci, Buenos Aires",Helmut Schoen,Enzo Bearzot,1,9,1,0.6,44,8,5,0.6,32,0,0
Netherlands,Austria,1978-06-14,1978,Argentina,Second round,"Estadio Olï¿1⁄2mpico Chateau Carreras, Cordoba",Ernst Happel,Helmut Senekowitsch,0,8,5,0.4,12,5,6,0.4,15,0,0
Argentina,Brazil,1978-06-18,1978,Argentina,Second round,"Arroyito - Estadio Dr. Lisandro de la Torre, Rosario",Cesar Luis Menotti,Claudio Coutinho,1,7,4,0.6,26,5,2,0.4,49,1,0
Italy,Austria,1978-06-18,1978,Argentina,Second round,"El Monumental - Estadio Monumental Antonio Vespuci, Buenos Aires",Enzo Bearzot,Helmut Senekowitsch,0,7,4,0.6,33,6,9,0.4,16,0,0
Germany,Netherlands,1978-06-18,1978,Argentina,Second round,"Estadio Olï¿1⁄2mpico Chateau Carreras, Cordoba",Helmut Schoen,Ernst Happel,1,8,1,0.4,45,11,6,0.4,13,0,0
Poland,Peru,1978-06-18,1978,Argentina,Second round,"San Martin, Mendoza",Jacek Gmoch,Marcos Calderon,0,5,3,0.6,12,9,9,0.4,10,0,0
Netherlands,Italy,1978-06-21,1978,Argentina,Second round,"El Monumental - Estadio Monumental Antonio Vespuci, Buenos Aires",Ernst Happel,Enzo Bearzot,0,12,6,0.4,14,7,2,0.8,34,0,0
Austria,Germany,1978-06-21,1978,Argentina,Second round,"Estadio Olï¿1⁄2mpico Chateau Carreras, Cordoba",Helmut Senekowitsch,Helmut Schoen,0,4,8,0.4,17,8,2,0.2,46,0,0
Argentina,Peru,1978-06-21,1978,Argentina,Second round,"Arroyito - Estadio Dr. Lisandro de la Torre, Rosario",Cesar Luis Menotti,Marcos Calderon,0,6,3,0.6,27,7,6,0.4,11,1,0
Brazil,Poland,1978-06-21,1978,Argentina,Second round,"San Martin, Mendoza",Claudio Coutinho,Jacek Gmoch,0,5,1,0.4,50,5,3,0.6,13,0,0
Brazil,Italy,1978-06-24,1978,Argentina,Third-place match,"El Monumental - Estadio Monumental Antonio Vespuci, Buenos Aires",Claudio Coutinho,Enzo Bearzot,0,7,1,0.6,51,6,3,0.6,35,0,0
Argentina,Netherlands,1978-06-25,1978,Argentina,Final,"El Monumental - Estadio Monumental Antonio Vespuci, Buenos Aires",Cesar Luis Menotti,Ernst Happel,0,10,2,0.6,28,11,7,0.4,15,1,0
Argentina,Belgium,1982-06-13,1982,Spain,First group stage,"Camp Nou, Barcelona",Cesar Luis Menotti,Guy Thys,2,11,2,0.6,29,9,13,0.2,9,0,0
Brazil,Russia,1982-06-14,1982,Spain,First group stage,"Ramon Sanchez Pizjuan, Seville",Tele Santana,Konstantin Beskov,0,9,2,0.8,52,7,4,0.4,19,0,0
Italy,Poland,1982-06-14,1982,Spain,First group stage,"Estadio Municipal de Balaï¿1⁄2dos, Vigo",Enzo Bearzot,Antoni Piechniczek,1,4,4,0.4,36,6,6,0.6,14,0,0
Scotland,New Zealand,1982-06-15,1982,Spain,First group stage,"La Rosaleda, Malaga",Jock Stein,John Adshead,0,6,7,0.2,11,0,0,0.0,0,0,0
Hungary,El Salvador,1982-06-15,1982,Spain,First group stage,"Nuevo Estadio, Elche",Kalman Meszoly,Mauricio Rodriguez,0,7,11,0.2,26,0,9,0.0,3,0,0
Peru,Cameroon,1982-06-15,1982,Spain,First group stage,"Riazor, La Coruï¿1⁄2A",Tim,Jean Vincent,1,4,11,0.2,12,0,0,0.0,0,0,0
Spain,Honduras,1982-06-16,1982,Spain,First group stage,"Luis Casanova, Valencia",Jose Santamaria,Jose De La Paz,1,5,5,0.4,18,0,0,0.0,0,1,0
Germany,Algeria,1982-06-16,1982,Spain,First group stage,"El Molinon, Gijon",Jupp Derwall,Rachid Mekhloufi,2,10,5,0.2,47,0,0,0.0,0,0,0
England,France,1982-06-16,1982,Spain,First group stage,"San Mames, Bilbao",Ron Greenwood,Michel Hidalgo,0,8,6,0.6,24,6,9,0.2,20,0,0
Chile,Austria,1982-06-17,1982,Spain,First group stage,"Carlos Tartiere, Oviedo",Luis Alberto Santibanez,Georg Schmidt,2,3,5,0.0,18,5,9,0.4,18,0,0
Yugoslavia,Northern Ireland,1982-06-17,1982,Spain,First group stage,"La Romareda, Zaragoza",Miljan Miljanic,Billy Bingham,1,12,7,0.2,25,6,10,0.4,5,0,0
Czechoslovakia,Kuwait,1982-06-17,1982,Spain,First group stage,"Jose Zorrilla, Valladolid",Jozef Venglos,Carlos Alberto Parreira,1,6,11,0.2,22,0,0,0.0,0,0,0
Brazil,Scotland,1982-06-18,1982,Spain,First group stage,"Benito Villamarin, Seville",Tele Santana,Jock Stein,0,10,3,0.8,53,11,9,0.4,12,0,0
Italy,Peru,1982-06-18,1982,Spain,First group stage,"Estadio Municipal de Balaï¿1⁄2dos, Vigo",Enzo Bearzot,Tim,1,3,4,0.2,37,4,11,0.2,13,0,0
Argentina,Hungary,1982-06-18,1982,Spain,First group stage,"Jose Rico Perez, Alicante",Cesar Luis Menotti,Kalman Meszoly,0,11,2,0.6,30,14,11,0.2,27,0,0
Belgium,El Salvador,1982-06-19,1982,Spain,First group stage,"Nuevo Estadio, Elche",Guy Thys,Mauricio Rodriguez,0,6,9,0.4,10,1,19,0.0,4,0,0
Russia,New Zealand,1982-06-19,1982,Spain,First group stage,"La Rosaleda, Malaga",Konstantin Beskov,John Adshead,0,7,4,0.4,20,2,5,0.0,1,0,0
Poland,Cameroon,1982-06-19,1982,Spain,First group stage,"Riazor, La Coruï¿1⁄2A",Antoni Piechniczek,Jean Vincent,1,5,6,0.4,15,0,0,0.0,1,0,0
Spain,Yugoslavia,1982-06-20,1982,Spain,First group stage,"Luis Casanova, Valencia",Jose Santamaria,Miljan Miljanic,0,4,5,0.2,19,3,7,0.0,26,1,0
England,Czechoslovakia,1982-06-20,1982,Spain,First group stage,"San Mames, Bilbao",Ron Greenwood,Jozef Venglos,0,7,5,0.6,25,4,11,0.0,23,0,0
Germany,Chile,1982-06-20,1982,Spain,First group stage,"El Molinon, Gijon",Jupp Derwall,Luis Alberto Santibanez,0,5,7,0.0,48,2,5,0.0,19,0,0
Algeria,Austria,1982-06-21,1982,Spain,First group stage,"Carlos Tartiere, Oviedo",Rachid Mekhloufi,Georg Schmidt,2,2,1,1.0,1,5,9,0.4,19,0,0
Honduras,Northern Ireland,1982-06-21,1982,Spain,First group stage,"La Romareda, Zaragoza",Jose De La Paz,Billy Bingham,1,1,1,0.0,1,5,10,0.2,6,0,0
France,Kuwait,1982-06-21,1982,Spain,First group stage,"Jose Zorrilla, Valladolid",Michel Hidalgo,Carlos Alberto Parreira,0,6,10,0.2,21,1,1,0.0,1,0,0
Poland,Peru,1982-06-22,1982,Spain,First group stage,"Riazor, La Coruï¿1⁄2A",Antoni Piechniczek,Tim,0,2,5,0.2,16,1,11,0.0,14,0,0
Russia,Scotland,1982-06-22,1982,Spain,First group stage,"La Rosaleda, Malaga",Konstantin Beskov,Jock Stein,1,10,4,0.6,21,11,12,0.4,13,0,0
Belgium,Hungary,1982-06-22,1982,Spain,First group stage,"Nuevo Estadio, Elche",Guy Thys,Kalman Meszoly,1,6,5,0.6,11,14,13,0.2,28,0,0
Argentina,El Salvador,1982-06-23,1982,Spain,First group stage,"Jose Rico Perez, Alicante",Cesar Luis Menotti,Mauricio Rodriguez,0,13,3,0.6,31,1,20,0.0,5,0,0
Italy,Cameroon,1982-06-23,1982,Spain,First group stage,"Estadio Municipal de Balaï¿1⁄2dos, Vigo",Enzo Bearzot,Jean Vincent,1,4,5,0.2,38,0,0,0.0,2,0,0
Brazil,New Zealand,1982-06-23,1982,Spain,First group stage,"Benito Villamarin, Seville",Tele Santana,John Adshead,0,11,4,0.8,54,2,8,0.0,2,0,0
Honduras,Yugoslavia,1982-06-24,1982,Spain,First group stage,"La Romareda, Zaragoza",Jose De La Paz,Miljan Miljanic,2,2,2,0.0,2,3,8,0.0,27,0,0
Algeria,Chile,1982-06-24,1982,Spain,First group stage,"Carlos Tartiere, Oviedo",Rachid Mekhloufi,Luis Alberto Santibanez,0,2,3,0.5,2,2,7,0.0,20,0,0
France,Czechoslovakia,1982-06-24,1982,Spain,First group stage,"Jose Zorrilla, Valladolid",Michel Hidalgo,Jozef Venglos,1,10,9,0.4,22,3,10,0.0,24,0,0
Northern Ireland,Spain,1982-06-25,1982,Spain,First group stage,"Luis Casanova, Valencia",Billy Bingham,Jose Santamaria,0,5,8,0.2,7,5,4,0.4,20,0,1
Germany,Austria,1982-06-25,1982,Spain,First group stage,"El Molinon, Gijon",Jupp Derwall,Georg Schmidt,0,9,8,0.2,49,7,8,0.6,20,0,0
England,Kuwait,1982-06-25,1982,Spain,First group stage,"San Mames, Bilbao",Ron Greenwood,Carlos Alberto Parreira,0,8,5,0.6,26,2,5,0.0,2,0,0
Poland,Belgium,1982-06-28,1982,Spain,Second group stage,"Camp Nou, Barcelona",Antoni Piechniczek,Guy Thys,0,7,4,0.4,17,4,6,0.4,12,0,0
Austria,France,1982-06-28,1982,Spain,Second group stage,"Vicente Calderon, Madrid",Georg Schmidt,Michel Hidalgo,2,6,4,0.6,21,10,8,0.4,23,0,0
Italy,Argentina,1982-06-29,1982,Spain,Second group stage,"Sarria, Barcelona",Enzo Bearzot,Cesar Luis Menotti,0,4,6,0.0,39,15,3,0.8,32,0,0
Germany,England,1982-06-29,1982,Spain,Second group stage,"Santiago Bernabeu, Madrid",Jupp Derwall,Ron Greenwood,1,10,8,0.4,50,9,4,0.8,27,0,0
Austria,Northern Ireland,1982-07-01,1982,Spain,Second group stage,"Vicente Calderon, Madrid",Georg Schmidt,Billy Bingham,1,6,4,0.6,22,4,6,0.4,8,0,0
Belgium,Russia,1982-07-01,1982,Spain,Second group stage,"Camp Nou, Barcelona",Guy Thys,Konstantin Beskov,2,3,5,0.4,13,8,5,0.4,22,0,0
Germany,Spain,1982-07-02,1982,Spain,Second group stage,"Santiago Bernabeu, Madrid",Jupp Derwall,Jose Santamaria,0,8,6,0.4,51,4,3,0.4,21,0,1
Argentina,Brazil,1982-07-02,1982,Spain,Second group stage,"Sarria, Barcelona",Cesar Luis Menotti,Tele Santana,2,10,5,0.6,33,15,4,1.0,55,0,0
Poland,Russia,1982-07-04,1982,Spain,Second group stage,"Camp Nou, Barcelona",Antoni Piechniczek,Konstantin Beskov,1,9,4,0.4,18,7,5,0.4,23,0,0
France,Northern Ireland,1982-07-04,1982,Spain,Second group stage,"Vicente Calderon, Madrid",Michel Hidalgo,Billy Bingham,0,10,6,0.6,24,4,7,0.2,9,0,0
Spain,England,1982-07-05,1982,Spain,Second group stage,"Santiago Bernabeu, Madrid",Jose Santamaria,Ron Greenwood,1,5,5,0.4,22,8,4,0.6,28,1,0
Italy,Brazil,1982-07-05,1982,Spain,Second group stage,"Sarria, Barcelona",Enzo Bearzot,Tele Santana,0,5,5,0.2,40,15,4,1.0,56,0,0
Germany,France,1982-07-08,1982,Spain,Semi-finals,"Ramon Sanchez Pizjuan, Seville",Jupp Derwall,Michel Hidalgo,1,8,4,0.6,52,11,6,0.6,25,0,0
Poland,Italy,1982-07-08,1982,Spain,Semi-finals,"Camp Nou, Barcelona",Antoni Piechniczek,Enzo Bearzot,2,8,1,0.4,19,7,5,0.4,41,0,0
Poland,France,1982-07-10,1982,Spain,Third-place match,"Jose Rico Perez, Alicante",Antoni Piechniczek,Michel Hidalgo,0,8,3,0.4,20,13,6,0.6,26,0,0
Italy,Germany,1982-07-11,1982,Spain,Final,"Santiago Bernabeu, Madrid",Enzo Bearzot,Jupp Derwall,0,9,5,0.6,42,10,5,0.6,53,0,0
Bulgaria,Italy,1986-05-31,1986,Mexico,Group stage,"Estadio Azteca, Mexico City",Ivan Vutsov,Enzo Bearzot,1,5,11,0.0,12,11,5,0.8,43,0,0
Spain,Brazil,1986-06-01,1986,Mexico,Group stage,"Jalisco, Guadalajara",Miguel Munoz,Tele Santana,2,4,5,0.2,23,15,6,0.8,57,0,0
Canada,France,1986-06-01,1986,Mexico,Group stage,"Nou Camp - Estadio Leï¿1⁄2n, Leon",Tony Waiters,Henri Michel,2,0,0,0.0,0,11,8,0.4,27,0,0
Russia,Hungary,1986-06-02,1986,Mexico,Group stage,"Estadio Irapuato, Irapuato",Valeriy Lobanovskyi,Gyorgy Mezey,0,7,4,0.4,24,14,12,0.2,29,0,0
Morocco,Poland,1986-06-02,1986,Mexico,Group stage,"Estadio Universitario, Monterrey",Jose Faria,Antoni Piechniczek,1,2,6,0.0,3,11,5,0.6,21,0,0
Argentina,South Korea,1986-06-02,1986,Mexico,Group stage,"Estadio Olï¿1⁄2mpico Universitario, Mexico City",Carlos Bilardo,Jung Nam Kim,0,8,7,0.4,34,0,16,0.0,2,0,0
Belgium,Mexico,1986-06-03,1986,Mexico,Group stage,"Estadio Azteca, Mexico City",Guy Thys,Bora Milutinovic,2,3,5,0.4,14,4,16,0.2,24,0,1
Portugal,England,1986-06-03,1986,Mexico,Group stage,"Tecnologico, Monterrey",Jose Torres,Bobby Robson,0,14,7,0.8,6,6,1,0.6,29,0,0
Algeria,Northern Ireland,1986-06-03,1986,Mexico,Group stage,"Tres de Marzo, Guadalajara",Rabah Saadane,Billy Bingham,1,5,5,0.6666666666666666,3,5,7,0.2,10,0,0
Paraguay,Iraq,1986-06-04,1986,Mexico,Group stage,"Bombonera - Estadio Nemesio Diez, Toluca",Cayetano Re,Evaristo,0,11,16,0.2,7,0,0,0.0,0,0,0
Scotland,Denmark,1986-06-04,1986,Mexico,Group stage,"Neza, Nezahualcoyotl",Alex Ferguson,Sepp Piontek,2,12,11,0.4,14,0,0,0.0,0,0,0
Uruguay,Germany,1986-06-04,1986,Mexico,Group stage,"Estadio Corregidora, Queretaro",Omar Borras,Franz Beckenbauer,1,2,10,0.0,29,7,7,0.4,54,0,0
South Korea,Bulgaria,1986-06-05,1986,Mexico,Group stage,"Estadio Olï¿1⁄2mpico Universitario, Mexico City",Jung Nam Kim,Ivan Vutsov,1,1,19,0.0,3,4,7,0.0,13,0,0
France,Russia,1986-06-05,1986,Mexico,Group stage,"Nou Camp - Estadio Leï¿1⁄2n, Leon",Henri Michel,Valeriy Lobanovskyi,1,11,7,0.6,28,12,2,0.6,25,0,0
Italy,Argentina,1986-06-05,1986,Mexico,Group stage,"Cuauhtemoc, Puebla",Enzo Bearzot,Carlos Bilardo,1,11,5,0.8,44,11,7,0.6,35,0,0
England,Morocco,1986-06-06,1986,Mexico,Group stage,"Tecnologico, Monterrey",Bobby Robson,Jose Faria,1,3,1,0.4,30,2,6,0.0,4,0,0
Hungary,Canada,1986-06-06,1986,Mexico,Group stage,"Estadio Irapuato, Irapuato",Gyorgy Mezey,Tony Waiters,0,13,15,0.2,30,0,1,0.0,1,0,0
Brazil,Algeria,1986-06-06,1986,Mexico,Group stage,"Jalisco, Guadalajara",Tele Santana,Rabah Saadane,0,14,5,0.8,58,6,6,0.5,4,0,0
Mexico,Paraguay,1986-06-07,1986,Mexico,Group stage,"Estadio Azteca, Mexico City",Bora Milutinovic,Cayetano Re,1,5,17,0.2,25,10,14,0.4,8,1,0
Poland,Portugal,1986-06-07,1986,Mexico,Group stage,"Estadio Universitario, Monterrey",Antoni Piechniczek,Jose Torres,0,6,4,0.4,22,12,7,0.8,7,0,0
Northern Ireland,Spain,1986-06-07,1986,Mexico,Group stage,"Tres de Marzo, Guadalajara",Billy Bingham,Miguel Munoz,2,6,8,0.2,11,3,5,0.2,24,0,0
Denmark,Uruguay,1986-06-08,1986,Mexico,Group stage,"Neza, Nezahualcoyotl",Sepp Piontek,Omar Borras,0,1,0,1.0,1,2,8,0.0,30,0,0
Germany,Scotland,1986-06-08,1986,Mexico,Group stage,"Estadio Corregidora, Queretaro",Franz Beckenbauer,Alex Ferguson,0,7,8,0.2,55,11,11,0.4,15,0,0
Iraq,Belgium,1986-06-08,1986,Mexico,Group stage,"Bombonera - Estadio Nemesio Diez, Toluca",Evaristo,Guy Thys,2,0,1,0.0,1,3,7,0.2,15,0,0
Hungary,France,1986-06-09,1986,Mexico,Group stage,"Nou Camp - Estadio Leï¿1⁄2n, Leon",Gyorgy Mezey,Henri Michel,2,14,12,0.4,31,11,8,0.4,29,0,0
Russia,Canada,1986-06-09,1986,Mexico,Group stage,"Estadio Irapuato, Irapuato",Valeriy Lobanovskyi,Tony Waiters,0,10,3,0.4,26,0,3,0.0,2,0,0
South Korea,Italy,1986-06-10,1986,Mexico,Group stage,"Cuauhtemoc, Puebla",Jung Nam Kim,Enzo Bearzot,2,2,20,0.0,4,10,5,0.6,45,0,0
Argentina,Bulgaria,1986-06-10,1986,Mexico,Group stage,"Estadio Olï¿1⁄2mpico Universitario, Mexico City",Carlos Bilardo,Ivan Vutsov,0,8,7,0.4,36,4,7,0.0,14,0,0
Paraguay,Belgium,1986-06-11,1986,Mexico,Group stage,"Bombonera - Estadio Nemesio Diez, Toluca",Cayetano Re,Guy Thys,1,11,13,0.4,9,4,8,0.2,16,0,0
Portugal,Morocco,1986-06-11,1986,Mexico,Group stage,"Tres de Marzo, Guadalajara",Jose Torres,Jose Faria,2,9,7,0.6,8,2,6,0.0,5,0,0
England,Poland,1986-06-11,1986,Mexico,Group stage,"Tecnologico, Monterrey",Bobby Robson,Antoni Piechniczek,0,1,1,0.2,31,4,4,0.4,23,0,0
Iraq,Mexico,1986-06-11,1986,Mexico,Group stage,"Estadio Azteca, Mexico City",Evaristo,Bora Milutinovic,2,1,3,0.0,2,5,14,0.2,26,0,1
Algeria,Spain,1986-06-12,1986,Mexico,Group stage,"Tecnologico, Monterrey",Rabah Saadane,Miguel Munoz,2,6,7,0.4,5,3,5,0.2,25,0,0
Northern Ireland,Brazil,1986-06-12,1986,Mexico,Group stage,"Jalisco, Guadalajara",Billy Bingham,Tele Santana,2,6,9,0.2,12,11,4,0.8,59,0,0
Denmark,Germany,1986-06-13,1986,Mexico,Group stage,"Estadio Corregidora, Queretaro",Sepp Piontek,Franz Beckenbauer,0,7,1,1.0,2,9,9,0.4,56,0,0
Scotland,Uruguay,1986-06-13,1986,Mexico,Group stage,"Neza, Nezahualcoyotl",Alex Ferguson,Omar Borras,1,9,11,0.2,16,3,13,0.0,31,0,0
Mexico,Bulgaria,1986-06-15,1986,Mexico,Round of 16,"Estadio Azteca, Mexico City",Bora Milutinovic,Ivan Vutsov,0,5,11,0.4,27,4,9,0.0,15,1,0
Russia,Belgium,1986-06-15,1986,Mexico,Round of 16,"Nou Camp - Estadio Leï¿1⁄2n, Leon",Valeriy Lobanovskyi,Guy Thys,2,10,1,0.6,27,5,9,0.2,17,0,0
Argentina,Uruguay,1986-06-16,1986,Mexico,Round of 16,"Cuauhtemoc, Puebla",Carlos Bilardo,Omar Borras,0,8,7,0.4,37,3,11,0.0,32,0,0
Brazil,Poland,1986-06-16,1986,Mexico,Round of 16,"Jalisco, Guadalajara",Tele Santana,Antoni Piechniczek,0,10,4,0.8,60,4,7,0.4,24,0,0
Morocco,Germany,1986-06-17,1986,Mexico,Round of 16,"Estadio Universitario, Monterrey",Jose Faria,Franz Beckenbauer,2,4,5,0.2,6,7,10,0.2,57,0,0
Italy,France,1986-06-17,1986,Mexico,Round of 16,"Estadio Olï¿1⁄2mpico Universitario, Mexico City",Enzo Bearzot,Henri Michel,2,10,5,0.6,46,10,7,0.4,30,0,0
Denmark,Spain,1986-06-18,1986,Mexico,Round of 16,"Estadio Corregidora, Queretaro",Sepp Piontek,Miguel Munoz,2,9,1,1.0,3,6,4,0.4,26,0,0
England,Paraguay,1986-06-18,1986,Mexico,Round of 16,"Estadio Azteca, Mexico City",Bobby Robson,Cayetano Re,0,3,1,0.2,32,10,8,0.4,10,0,0
Germany,Mexico,1986-06-21,1986,Mexico,Quarter-finals,"Estadio Universitario, Monterrey",Franz Beckenbauer,Bora Milutinovic,1,5,7,0.4,58,7,5,0.6,28,0,1
Brazil,France,1986-06-21,1986,Mexico,Quarter-finals,"Jalisco, Guadalajara",Tele Santana,Henri Michel,1,11,3,0.8,61,9,4,0.6,31,0,0
Argentina,England,1986-06-22,1986,Mexico,Quarter-finals,"Estadio Azteca, Mexico City",Carlos Bilardo,Bobby Robson,0,8,5,0.6,38,6,1,0.4,33,0,0
Spain,Belgium,1986-06-22,1986,Mexico,Quarter-finals,"Cuauhtemoc, Puebla",Miguel Munoz,Guy Thys,1,10,3,0.6,27,9,9,0.4,18,0,0
Argentina,Belgium,1986-06-25,1986,Mexico,Semi-finals,"Estadio Azteca, Mexico City",Carlos Bilardo,Guy Thys,0,9,3,0.8,39,10,9,0.4,19,0,0
France,Germany,1986-06-25,1986,Mexico,Semi-finals,"Jalisco, Guadalajara",Henri Michel,Franz Beckenbauer,2,8,2,0.6,32,4,4,0.4,59,0,0
France,Belgium,1986-06-28,1986,Mexico,Third-place match,"Cuauhtemoc, Puebla",Henri Michel,Guy Thys,0,7,4,0.4,33,9,9,0.4,20,0,0
Argentina,Germany,1986-06-29,1986,Mexico,Final,"Estadio Azteca, Mexico City",Carlos Bilardo,Franz Beckenbauer,0,8,2,0.8,40,5,3,0.6,60,0,0
Argentina,Cameroon,1990-06-08,1990,Italy,Group stage,"Giuseppe Meazza, Milan",Carlos Bilardo,Valeri Nepomnyashchi,2,10,3,1.0,41,1,1,0.0,3,0,0
Italy,Austria,1990-06-09,1990,Italy,Group stage,"Stadio Olimpico, Rome",Azeglio Vicini,Josef Hickersberger,0,8,7,0.4,47,5,4,0.4,23,1,0
Russia,Romania,1990-06-09,1990,Italy,Group stage,"Stadio San Nicola, Bari",Valeriy Lobanovskyi,Emerich Jenei,2,12,5,0.4,28,8,10,0.2,8,0,0
United Arab Emirates,Colombia,1990-06-09,1990,Italy,Group stage,"Renato Dall Ara, Bologna",Carlos Alberto Parreira,Francisco Maturana,2,0,0,0.0,0,5,11,0.0,3,0,0
Brazil,Sweden,1990-06-10,1990,Italy,Group stage,"Stadio delle Alpi, Turin",Sebastiao Lazaroni,Olle Nordin,0,10,1,0.8,62,5,8,0.2,28,0,0
Germany,Yugoslavia,1990-06-10,1990,Italy,Group stage,"Giuseppe Meazza, Milan",Franz Beckenbauer,Ivica Osim,0,5,5,0.4,61,4,6,0.2,28,0,0
United States,Czechoslovakia,1990-06-10,1990,Italy,Group stage,"Comunale, Florence",Bob Gansler,Jozef Venglos,2,6,21,0.2,7,3,7,0.0,25,0,0
England,Ireland,1990-06-11,1990,Italy,Group stage,"Sant Elia, Cagliari",Bobby Robson,Jack Charlton,1,7,3,0.4,34,0,0,0.0,0,0,0
Costa Rica,Scotland,1990-06-11,1990,Italy,Group stage,"Luigi Ferraris, Genoa",Bora Milutinovic,Andy Roxburgh,0,0,0,0.0,0,4,9,0.0,17,0,0
Belgium,South Korea,1990-06-12,1990,Italy,Group stage,"Marc Antonio Bentegodi, Verona",Guy Thys,Hoe Taik Lee,0,9,12,0.2,21,4,23,0.0,5,0,0
Netherlands,Egypt,1990-06-12,1990,Italy,Group stage,"Della Favorita, Palermo",Leo Beenhakker,Mahmoud El Gohary,1,12,10,0.4,16,2,4,0.0,1,0,0
Argentina,Russia,1990-06-13,1990,Italy,Group stage,"San Paolo, Naples",Carlos Bilardo,Valeriy Lobanovskyi,0,8,4,0.8,42,12,7,0.4,29,0,0
Uruguay,Spain,1990-06-13,1990,Italy,Group stage,"Dacia Arena, Udine",Oscar Tabarez,Luis Suarez,1,2,11,0.0,33,11,4,0.6,28,0,0
Cameroon,Romania,1990-06-14,1990,Italy,Group stage,"Stadio San Nicola, Bari",Valeri Nepomnyashchi,Emerich Jenei,0,2,1,0.25,4,7,7,0.4,9,0,0
Italy,United States,1990-06-14,1990,Italy,Group stage,"Stadio Olimpico, Rome",Azeglio Vicini,Bob Gansler,0,6,6,0.4,48,6,20,0.2,8,1,0
Yugoslavia,Colombia,1990-06-14,1990,Italy,Group stage,"Renato Dall Ara, Bologna",Ivica Osim,Francisco Maturana,0,4,8,0.2,29,7,11,0.25,4,0,0
Germany,United Arab Emirates,1990-06-15,1990,Italy,Group stage,"Giuseppe Meazza, Milan",Franz Beckenbauer,Carlos Alberto Parreira,0,9,4,0.6,62,0,2,0.0,1,0,0
Austria,Czechoslovakia,1990-06-15,1990,Italy,Group stage,"Comunale, Florence",Josef Hickersberger,Jozef Venglos,2,4,5,0.2,24,7,6,0.2,26,0,0
Sweden,Scotland,1990-06-16,1990,Italy,Group stage,"Luigi Ferraris, Genoa",Olle Nordin,Andy Roxburgh,2,4,6,0.2,29,3,6,0.0,18,0,0
England,Netherlands,1990-06-16,1990,Italy,Group stage,"Sant Elia, Cagliari",Bobby Robson,Leo Beenhakker,1,8,3,0.4,35,11,8,0.4,17,0,0
Brazil,Costa Rica,1990-06-16,1990,Italy,Group stage,"Stadio delle Alpi, Turin",Sebastiao Lazaroni,Bora Milutinovic,0,11,2,0.8,63,1,0,1.0,1,0,0
South Korea,Spain,1990-06-17,1990,Italy,Group stage,"Dacia Arena, Udine",Hoe Taik Lee,Luis Suarez,2,4,16,0.0,6,11,3,0.6,29,0,0
Belgium,Uruguay,1990-06-17,1990,Italy,Group stage,"Marc Antonio Bentegodi, Verona",Guy Thys,Oscar Tabarez,0,9,10,0.4,22,2,8,0.0,34,0,0
Ireland,Egypt,1990-06-17,1990,Italy,Group stage,"Della Favorita, Palermo",Jack Charlton,Mahmoud El Gohary,1,1,1,0.0,1,3,5,0.0,2,0,0
Cameroon,Russia,1990-06-18,1990,Italy,Group stage,"Stadio San Nicola, Bari",Valeri Nepomnyashchi,Valeriy Lobanovskyi,2,4,2,0.4,5,6,9,0.2,30,0,0
Argentina,Romania,1990-06-18,1990,Italy,Group stage,"San Paolo, Naples",Carlos Bilardo,Emerich Jenei,1,9,4,0.8,43,7,7,0.4,10,0,0
Germany,Colombia,1990-06-19,1990,Italy,Group stage,"Giuseppe Meazza, Milan",Franz Beckenbauer,Francisco Maturana,1,13,5,0.6,63,7,12,0.2,5,0,0
Yugoslavia,United Arab Emirates,1990-06-19,1990,Italy,Group stage,"Renato Dall Ara, Bologna",Ivica Osim,Carlos Alberto Parreira,0,4,6,0.4,30,1,7,0.0,2,0,0
Italy,Czechoslovakia,1990-06-19,1990,Italy,Group stage,"Stadio Olimpico, Rome",Azeglio Vicini,Jozef Venglos,0,6,5,0.6,49,8,5,0.4,27,1,0
Austria,United States,1990-06-19,1990,Italy,Group stage,"Comunale, Florence",Josef Hickersberger,Bob Gansler,0,2,6,0.0,25,5,14,0.2,9,0,0
Brazil,Scotland,1990-06-20,1990,Italy,Group stage,"Stadio delle Alpi, Turin",Sebastiao Lazaroni,Andy Roxburgh,0,11,2,0.8,64,3,5,0.2,19,0,0
Sweden,Costa Rica,1990-06-20,1990,Italy,Group stage,"Luigi Ferraris, Genoa",Olle Nordin,Bora Milutinovic,2,3,7,0.0,30,1,1,0.5,2,0,0
England,Egypt,1990-06-21,1990,Italy,Group stage,"Sant Elia, Cagliari",Bobby Robson,Mahmoud El Gohary,0,8,3,0.4,36,3,5,0.0,3,0,0
Ireland,Netherlands,1990-06-21,1990,Italy,Group stage,"Della Favorita, Palermo",Jack Charlton,Leo Beenhakker,1,1,1,0.0,2,6,7,0.2,18,0,0
South Korea,Uruguay,1990-06-21,1990,Italy,Group stage,"Friuli, Udine",Hoe Taik Lee,Oscar Tabarez,2,5,12,0.0,7,2,10,0.0,35,0,0
Belgium,Spain,1990-06-21,1990,Italy,Group stage,"Marc Antonio Bentegodi, Verona",Guy Thys,Luis Suarez,2,8,8,0.4,23,12,3,0.6,30,0,0
Czechoslovakia,Costa Rica,1990-06-23,1990,Italy,Round of 16,"Stadio San Nicola, Bari",Jozef Venglos,Bora Milutinovic,0,7,6,0.4,28,3,2,0.6666666666666666,3,0,0
Cameroon,Colombia,1990-06-23,1990,Italy,Round of 16,"San Paolo, Naples",Valeri Nepomnyashchi,Francisco Maturana,0,4,6,0.4,6,7,11,0.2,6,0,0
Germany,Netherlands,1990-06-24,1990,Italy,Round of 16,"Giuseppe Meazza, Milan",Franz Beckenbauer,Leo Beenhakker,0,14,6,0.6,64,5,6,0.2,19,0,0
Brazil,Argentina,1990-06-24,1990,Italy,Round of 16,"Stadio delle Alpi, Turin",Sebastiao Lazaroni,Carlos Bilardo,2,9,2,0.8,65,8,4,0.6,44,0,0
Italy,Uruguay,1990-06-25,1990,Italy,Round of 16,"Stadio Olimpico, Rome",Azeglio Vicini,Oscar Tabarez,0,7,4,0.8,50,2,4,0.2,36,1,0
Ireland,Romania,1990-06-25,1990,Italy,Round of 16,"Luigi Ferraris, Genoa",Jack Charlton,Emerich Jenei,1,2,2,0.0,3,8,7,0.4,11,0,0
England,Belgium,1990-06-26,1990,Italy,Round of 16,"Renato Dall Ara, Bologna",Bobby Robson,Guy Thys,0,6,3,0.4,37,8,9,0.4,24,0,0
Spain,Yugoslavia,1990-06-26,1990,Italy,Round of 16,"Marc Antonio Bentegodi, Verona",Luis Suarez,Ivica Osim,2,11,4,0.6,31,8,7,0.6,31,0,0
Italy,Ireland,1990-06-30,1990,Italy,Quarter-finals,"Stadio Olimpico, Rome",Azeglio Vicini,Jack Charlton,0,6,2,0.8,51,2,2,0.0,4,1,0
Yugoslavia,Argentina,1990-06-30,1990,Italy,Quarter-finals,"Comunale, Florence",Ivica Osim,Carlos Bilardo,1,9,6,0.8,32,7,4,0.6,45,0,0
England,Cameroon,1990-07-01,1990,Italy,Quarter-finals,"San Paolo, Naples",Bobby Robson,Valeri Nepomnyashchi,0,4,3,0.4,38,6,7,0.6,7,0,0
Germany,Czechoslovakia,1990-07-01,1990,Italy,Quarter-finals,"Giuseppe Meazza, Milan",Franz Beckenbauer,Jozef Venglos,0,14,7,0.6,65,11,5,0.6,29,0,0
Italy,Argentina,1990-07-03,1990,Italy,Semi-finals,"San Paolo, Naples",Azeglio Vicini,Carlos Bilardo,1,7,0,1.0,52,4,2,0.4,46,1,0
Germany,England,1990-07-04,1990,Italy,Semi-finals,"Stadio delle Alpi, Turin",Franz Beckenbauer,Bobby Robson,1,13,4,0.8,66,6,3,0.6,39,0,0
Italy,England,1990-07-07,1990,Italy,Third-place match,"Stadio San Nicola, Bari",Azeglio Vicini,Bobby Robson,0,7,1,0.8,53,6,3,0.6,40,1,0
Germany,Argentina,1990-07-08,1990,Italy,Final,"Stadio Olimpico, Rome",Franz Beckenbauer,Carlos Bilardo,0,10,4,0.6,67,5,2,0.4,47,0,0
Spain,South Korea,1994-06-17,1994,United States,Group stage,"Cotton Bowl, Dallas",Javier Clemente,Ho Kon Kim,1,7,5,0.4,32,4,10,0.0,8,0,0
Germany,Bolivia,1994-06-17,1994,United States,Group stage,"Soldier Field, Chicago",Berti Vogts,Xavier Azkargorta Uriarte,0,6,3,0.6,68,0,16,0.0,3,0,0
United States,Switzerland,1994-06-18,1994,United States,Group stage,"Pontiac Silverdome, Detroit",Bora Milutinovic,Roy Hodgson,1,5,13,0.2,10,2,14,0.0,18,1,0
Colombia,Romania,1994-06-18,1994,United States,Group stage,"Rose Bowl, Los Angeles",Francisco Maturana,Anghel Iordanescu,2,4,9,0.2,7,6,6,0.2,12,0,0
Italy,Ireland,1994-06-18,1994,United States,Group stage,"Giants Stadium, New York/New Jersey",Arrigo Sacchi,Jack Charlton,2,8,2,0.8,54,2,3,0.0,5,0,0
Cameroon,Sweden,1994-06-19,1994,United States,Group stage,"Rose Bowl, Los Angeles",Henri Michel,Tommy Svensson,1,7,9,0.6,8,3,8,0.0,31,0,0
Norway,Mexico,1994-06-19,1994,United States,Group stage,"RFK Stadium, Washington Dc",Egil Olsen,Miguel Mejia Baron,0,1,2,0.0,1,6,2,0.6,29,0,0
Belgium,Morocco,1994-06-19,1994,United States,Group stage,"Citrus Bowl, Orlando",Paul Van Himst,Abdellah Blinda,0,8,8,0.4,25,4,3,0.2,7,0,0
Netherlands,Saudi Arabia,1994-06-20,1994,United States,Group stage,"RFK Stadium, Washington Dc",Dick Advocaat,Jorge Solari,0,4,7,0.0,20,0,0,0.0,0,0,0
Brazil,Russia,1994-06-20,1994,United States,Group stage,"Stanford Stadium, San Francisco",Carlos Alberto Parreira,Pavel Sadyrin,0,5,3,0.6,66,9,8,0.4,31,0,0
Nigeria,Bulgaria,1994-06-21,1994,United States,Group stage,"Cotton Bowl, Dallas",Clemens Westerhof,Dimitar Penev,0,0,0,0.0,0,3,10,0.0,16,0,0
Germany,Spain,1994-06-21,1994,United States,Group stage,"Soldier Field, Chicago",Berti Vogts,Javier Clemente,1,6,2,0.8,69,8,6,0.4,33,0,0
Argentina,Greece,1994-06-21,1994,United States,Group stage,"Foxboro Stadium, Boston",Alfio Basile,Alkis Panagoulias,0,3,3,0.2,48,0,0,0.0,0,0,0
United States,Colombia,1994-06-22,1994,United States,Group stage,"Rose Bowl, Los Angeles",Bora Milutinovic,Francisco Maturana,0,5,14,0.0,11,5,7,0.2,8,1,0
Romania,Switzerland,1994-06-22,1994,United States,Group stage,"Pontiac Silverdome, Detroit",Anghel Iordanescu,Roy Hodgson,2,7,4,0.4,13,2,13,0.0,19,0,0
South Korea,Bolivia,1994-06-23,1994,United States,Group stage,"Foxboro Stadium, Boston",Ho Kon Kim,Xavier Azkargorta Uriarte,1,5,11,0.0,9,0,17,0.0,4,0,0
Italy,Norway,1994-06-23,1994,United States,Group stage,"Giants Stadium, New York/New Jersey",Arrigo Sacchi,Egil Olsen,0,6,3,0.6,55,2,2,0.5,2,0,0
Sweden,Russia,1994-06-24,1994,United States,Group stage,"Pontiac Silverdome, Detroit",Tommy Svensson,Pavel Sadyrin,0,5,9,0.0,32,7,10,0.2,32,0,0
Brazil,Cameroon,1994-06-24,1994,United States,Group stage,"Stanford Stadium, San Francisco",Carlos Alberto Parreira,Henri Michel,0,6,2,0.8,67,8,11,0.4,9,0,0
Mexico,Ireland,1994-06-24,1994,United States,Group stage,"Citrus Bowl, Orlando",Miguel Mejia Baron,Jack Charlton,0,4,2,0.4,30,2,2,0.2,6,0,0
Belgium,Netherlands,1994-06-25,1994,United States,Group stage,"Citrus Bowl, Orlando",Paul Van Himst,Dick Advocaat,0,7,4,0.6,26,5,5,0.2,21,0,0
Argentina,Nigeria,1994-06-25,1994,United States,Group stage,"Foxboro Stadium, Boston",Alfio Basile,Clemens Westerhof,0,6,2,0.4,49,3,0,1.0,1,0,0
Saudi Arabia,Morocco,1994-06-25,1994,United States,Group stage,"Giants Stadium, New York/New Jersey",Jorge Solari,Abdellah Blinda,0,1,2,0.0,1,3,3,0.2,8,0,0
Bulgaria,Greece,1994-06-26,1994,United States,Group stage,"Soldier Field, Chicago",Dimitar Penev,Alkis Panagoulias,0,2,9,0.0,17,0,4,0.0,1,0,0
Switzerland,Colombia,1994-06-26,1994,United States,Group stage,"Stanford Stadium, San Francisco",Roy Hodgson,Francisco Maturana,2,6,11,0.2,20,4,9,0.0,9,0,0
United States,Romania,1994-06-26,1994,United States,Group stage,"Rose Bowl, Los Angeles",Bora Milutinovic,Anghel Iordanescu,2,5,10,0.2,12,6,8,0.2,14,1,0
Bolivia,Spain,1994-06-27,1994,United States,Group stage,"Soldier Field, Chicago",Xavier Azkargorta Uriarte,Javier Clemente,2,0,17,0.0,5,9,7,0.4,34,0,0
Germany,South Korea,1994-06-27,1994,United States,Group stage,"Cotton Bowl, Dallas",Berti Vogts,Ho Kon Kim,0,5,2,0.6,70,3,8,0.0,10,0,0
Italy,Mexico,1994-06-28,1994,United States,Group stage,"RFK Stadium, Washington Dc",Arrigo Sacchi,Miguel Mejia Baron,1,5,3,0.6,56,5,2,0.6,31,0,0
Brazil,Sweden,1994-06-28,1994,United States,Group stage,"Pontiac Silverdome, Detroit",Carlos Alberto Parreira,Tommy Svensson,1,7,1,0.8,68,8,9,0.2,33,0,0
Russia,Cameroon,1994-06-28,1994,United States,Group stage,"Stanford Stadium, San Francisco",Pavel Sadyrin,Henri Michel,0,5,9,0.2,33,6,13,0.2,10,0,0
Ireland,Norway,1994-06-28,1994,United States,Group stage,"Giants Stadium, New York/New Jersey",Jack Charlton,Egil Olsen,1,3,4,0.2,7,2,3,0.3333333333333333,3,0,0
Belgium,Saudi Arabia,1994-06-29,1994,United States,Group stage,"RFK Stadium, Washington Dc",Paul Van Himst,Jorge Solari,2,6,4,0.6,27,3,3,0.5,2,0,0
Morocco,Netherlands,1994-06-29,1994,United States,Group stage,"Citrus Bowl, Orlando",Abdellah Blinda,Dick Advocaat,2,4,5,0.2,9,4,5,0.2,22,0,0
Argentina,Bulgaria,1994-06-30,1994,United States,Group stage,"Cotton Bowl, Dallas",Alfio Basile,Dimitar Penev,2,7,3,0.4,50,5,8,0.2,18,0,0
Greece,Nigeria,1994-06-30,1994,United States,Group stage,"Foxboro Stadium, Boston",Alkis Panagoulias,Clemens Westerhof,2,0,8,0.0,2,4,2,0.5,2,0,0
Spain,Switzerland,1994-07-02,1994,United States,Round of 16,"RFK Stadium, Washington Dc",Javier Clemente,Roy Hodgson,0,9,7,0.4,35,6,8,0.2,21,0,0
Germany,Belgium,1994-07-02,1994,United States,Round of 16,"Soldier Field, Chicago",Berti Vogts,Paul Van Himst,0,7,4,0.6,71,3,4,0.4,28,0,0
Romania,Argentina,1994-07-03,1994,United States,Round of 16,"Rose Bowl, Los Angeles",Anghel Iordanescu,Alfio Basile,0,6,6,0.4,15,7,5,0.4,51,0,0
Saudi Arabia,Sweden,1994-07-03,1994,United States,Round of 16,"Cotton Bowl, Dallas",Jorge Solari,Tommy Svensson,2,4,3,0.6666666666666666,3,8,8,0.2,34,0,0
Netherlands,Ireland,1994-07-04,1994,United States,Round of 16,"Citrus Bowl, Orlando",Dick Advocaat,Jack Charlton,0,6,6,0.4,23,2,3,0.2,8,0,0
Brazil,United States,1994-07-04,1994,United States,Round of 16,"Stanford Stadium, San Francisco",Carlos Alberto Parreira,Bora Milutinovic,0,7,2,0.6,69,4,6,0.2,13,0,1
Mexico,Bulgaria,1994-07-05,1994,United States,Round of 16,"Giants Stadium, New York/New Jersey",Miguel Mejia Baron,Dimitar Penev,1,5,3,0.4,32,6,7,0.4,19,0,0
Nigeria,Italy,1994-07-05,1994,United States,Round of 16,"Foxboro Stadium, Boston",Clemens Westerhof,Arrigo Sacchi,2,6,2,0.6666666666666666,3,5,4,0.4,57,0,0
Netherlands,Brazil,1994-07-09,1994,United States,Quarter-finals,"Cotton Bowl, Dallas",Dick Advocaat,Carlos Alberto Parreira,2,7,5,0.6,24,7,2,0.6,70,0,0
Italy,Spain,1994-07-09,1994,United States,Quarter-finals,"Foxboro Stadium, Boston",Arrigo Sacchi,Javier Clemente,0,6,4,0.6,58,10,6,0.4,36,0,0
Romania,Sweden,1994-07-10,1994,United States,Quarter-finals,"Stanford Stadium, San Francisco",Anghel Iordanescu,Tommy Svensson,1,8,7,0.6,16,10,7,0.4,35,0,0
Bulgaria,Germany,1994-07-10,1994,United States,Quarter-finals,"Giants Stadium, New York/New Jersey",Dimitar Penev,Berti Vogts,0,7,6,0.4,20,9,5,0.8,72,0,0
Sweden,Brazil,1994-07-13,1994,United States,Semi-finals,"Rose Bowl, Los Angeles",Tommy Svensson,Carlos Alberto Parreira,2,11,7,0.4,36,10,3,0.8,71,0,0
Bulgaria,Italy,1994-07-13,1994,United States,Semi-finals,"Giants Stadium, New York/New Jersey",Dimitar Penev,Arrigo Sacchi,2,9,5,0.6,21,6,4,0.6,59,0,0
Sweden,Bulgaria,1994-07-16,1994,United States,Third-place match,"Rose Bowl, Los Angeles",Tommy Svensson,Dimitar Penev,0,9,6,0.4,37,10,4,0.6,22,0,0
Brazil,Italy,1994-07-17,1994,United States,Final,"Rose Bowl, Los Angeles",Carlos Alberto Parreira,Arrigo Sacchi,1,9,3,0.8,72,8,4,0.8,60,0,0
Brazil,Scotland,1998-06-10,1998,France,Group stage,"Stade de France, Paris",Mário Zagallo,Craig Brown,0,6,3,0.6,73,3,5,0.2,20,0,0
Morocco,Norway,1998-06-10,1998,France,Group stage,"Stade de la Mosson, Montpellier",Henri Michel,Egil Olsen,1,5,7,0.2,10,2,3,0.25,4,0,0
Cameroon,Austria,1998-06-11,1998,France,Group stage,"Stadium Municipal, Toulouse",Claude Le Roy,Herbert Prohaska,1,7,15,0.2,11,4,6,0.2,26,0,0
Italy,Chile,1998-06-11,1998,France,Group stage,"Stade Jacques Chaban-Delmas, Bordeaux",Cesare Maldini,Nelson Acosta,1,7,4,0.6,61,4,9,0.0,21,0,0
France,South Africa,1998-06-12,1998,France,Group stage,"Orange Vélodrome, Marseille",Aimé Jacquet,Philippe Troussier,0,10,5,0.6,34,0,0,0.0,0,1,0
Saudi Arabia,Denmark,1998-06-12,1998,France,Group stage,"Stade Bollaert-Delelis, Lens",Carlos Alberto Parreira,Bo Johansson,2,5,6,0.5,4,10,6,0.75,4,0,0
Paraguay,Bulgaria,1998-06-12,1998,France,Group stage,"Stade de la Mosson, Montpellier",Paulo César Carpegiani,Hristo Bonev,1,7,9,0.2,11,6,8,0.4,23,0,0
Netherlands,Belgium,1998-06-13,1998,France,Group stage,"Stade de France, Paris",Guus Hiddink,Georges Leekens,1,8,6,0.6,25,4,5,0.4,29,0,0
South Korea,Mexico,1998-06-13,1998,France,Group stage,"Matmut Stadium de Gerland, Lyon",Cha Bum-kun,Manuel Lapuente,2,5,9,0.0,11,4,4,0.2,33,0,0
Spain,Nigeria,1998-06-13,1998,France,Group stage,"Stade de la Beaujoire - Louis Fonteneau, Nantes",Javier Clemente,Bora Milutinović,2,10,6,0.4,37,7,4,0.5,4,0,0
Jamaica,Croatia,1998-06-14,1998,France,Group stage,"Stade Bollaert-Delelis, Lens",René Simões,Miroslav Blažević,2,0,0,0.0,0,0,0,0.0,0,0,0
FR Yugoslavia,Iran,1998-06-14,1998,France,Group stage,"Stade Geoffroy-Guichard, Saint-Étienne",Slobodan Santrač,Jalal Talebi,0,0,0,0.0,0,2,8,0.0,3,0,0
Argentina,Japan,1998-06-14,1998,France,Group stage,"Stadium Municipal, Toulouse",Daniel Passarella,Takeshi Okada,0,8,7,0.4,52,0,0,0.0,0,0,0
England,Tunisia,1998-06-15,1998,France,Group stage,"Orange Vélodrome, Marseille",Glenn Hoddle,Henryk Kasperczak,0,7,5,0.6,41,3,2,0.3333333333333333,3,0,0
Germany,United States,1998-06-15,1998,France,Group stage,"Parc des Princes, Paris",Berti Vogts,Steve Sampson,0,9,7,0.6,73,4,6,0.2,14,0,0
Romania,Colombia,1998-06-15,1998,France,Group stage,"Matmut Stadium de Gerland, Lyon",Anghel Iordănescu,Hernán Darío Gómez,0,10,9,0.6,17,6,8,0.2,10,0,0
Brazil,Morocco,1998-06-16,1998,France,Group stage,"Stade de la Beaujoire - Louis Fonteneau, Nantes",Mário Zagallo,Henri Michel,0,7,3,0.8,74,4,8,0.0,11,0,0
Scotland,Norway,1998-06-16,1998,France,Group stage,"Stade Jacques Chaban-Delmas, Bordeaux",Craig Brown,Egil Olsen,1,3,5,0.2,21,4,5,0.2,5,0,0
Italy,Cameroon,1998-06-17,1998,France,Group stage,"Stade de la Mosson, Montpellier",Cesare Maldini,Claude Le Roy,0,8,5,0.6,62,6,15,0.0,12,0,0
Chile,Austria,1998-06-17,1998,France,Group stage,"Stade Geoffroy-Guichard, Saint-Étienne",Nelson Acosta,Herbert Prohaska,1,5,10,0.0,22,5,6,0.2,27,0,0
France,Saudi Arabia,1998-06-18,1998,France,Group stage,"Stade de France, Paris",Aimé Jacquet,Carlos Alberto Parreira,0,10,5,0.6,35,5,7,0.4,5,1,0
South Africa,Denmark,1998-06-18,1998,France,Group stage,"Stadium Municipal, Toulouse",Philippe Troussier,Bo Johansson,1,0,3,0.0,1,11,6,0.8,5,0,0
Spain,Paraguay,1998-06-19,1998,France,Group stage,"Stade Geoffroy-Guichard, Saint-Étienne",Javier Clemente,Paulo César Carpegiani,1,10,7,0.4,38,4,6,0.2,12,0,0
Nigeria,Bulgaria,1998-06-19,1998,France,Group stage,"Parc des Princes, Paris",Bora Milutinović,Hristo Bonev,0,10,6,0.6,5,4,8,0.2,24,0,0
Netherlands,South Korea,1998-06-20,1998,France,Group stage,"Orange Vélodrome, Marseille",Guus Hiddink,Cha Bum-kun,0,6,5,0.4,26,5,9,0.0,12,0,0
Belgium,Mexico,1998-06-20,1998,France,Group stage,"Stade Jacques Chaban-Delmas, Bordeaux",Georges Leekens,Manuel Lapuente,1,4,4,0.4,30,7,5,0.4,34,0,0
Japan,Croatia,1998-06-20,1998,France,Group stage,"Stade de la Beaujoire - Louis Fonteneau, Nantes",Takeshi Okada,Miroslav Blažević,2,0,1,0.0,1,3,1,1.0,1,0,0
Germany,FR Yugoslavia,1998-06-21,1998,France,Group stage,"Stade Bollaert-Delelis, Lens",Berti Vogts,Slobodan Santrač,1,10,7,0.6,74,1,0,1.0,1,0,0
Argentina,Jamaica,1998-06-21,1998,France,Group stage,"Parc des Princes, Paris",Daniel Passarella,René Simões,0,9,6,0.6,53,1,3,0.0,1,0,0
United States,Iran,1998-06-21,1998,France,Group stage,"Matmut Stadium de Gerland, Lyon",Steve Sampson,Jalal Talebi,2,3,6,0.2,15,2,9,0.0,4,0,0
Colombia,Tunisia,1998-06-22,1998,France,Group stage,"Stade de la Mosson, Montpellier",Hernán Darío Gómez,Henryk Kasperczak,0,5,8,0.2,11,3,4,0.25,4,0,0
Romania,England,1998-06-22,1998,France,Group stage,"Stadium Municipal, Toulouse",Anghel Iordănescu,Glenn Hoddle,0,8,8,0.6,18,8,5,0.6,42,0,0
Scotland,Morocco,1998-06-23,1998,France,Group stage,"Stade Geoffroy-Guichard, Saint-Étienne",Craig Brown,Henri Michel,2,4,6,0.2,22,4,10,0.0,12,0,0
Brazil,Norway,1998-06-23,1998,France,Group stage,"Orange Vélodrome, Marseille",Mário Zagallo,Egil Olsen,2,9,3,0.8,75,4,4,0.2,6,0,0
Chile,Cameroon,1998-06-23,1998,France,Group stage,"Stade de la Beaujoire - Louis Fonteneau, Nantes",Nelson Acosta,Claude Le Roy,1,6,11,0.0,23,4,15,0.0,13,0,0
Italy,Austria,1998-06-23,1998,France,Group stage,"Stade de France, Paris",Cesare Maldini,Herbert Prohaska,0,9,4,0.6,63,4,5,0.2,28,0,0
Nigeria,Paraguay,1998-06-24,1998,France,Group stage,"Stadium Municipal, Toulouse",Bora Milutinović,Paulo César Carpegiani,2,8,6,0.6,6,3,6,0.0,13,0,0
Spain,Bulgaria,1998-06-24,1998,France,Group stage,"Stade Bollaert-Delelis, Lens",Javier Clemente,Hristo Bonev,0,9,6,0.4,39,3,8,0.2,25,0,0
France,Denmark,1998-06-24,1998,France,Group stage,"Matmut Stadium de Gerland, Lyon",Aimé Jacquet,Bo Johansson,0,12,5,0.6,36,11,7,0.6,6,1,0
South Africa,Saudi Arabia,1998-06-24,1998,France,Group stage,"Stade Jacques Chaban-Delmas, Bordeaux",Philippe Troussier,Mohammed Al-Kharashy,1,1,4,0.0,2,4,9,0.4,6,0,0
Belgium,South Korea,1998-06-25,1998,France,Group stage,"Parc des Princes, Paris",Georges Leekens,Kim Pyung-seok,1,5,6,0.2,31,5,13,0.0,13,0,0
Netherlands,Mexico,1998-06-25,1998,France,Group stage,"Stade Geoffroy-Guichard, Saint-Étienne",Guus Hiddink,Manuel Lapuente,1,11,4,0.6,27,9,6,0.4,35,0,0
Germany,Iran,1998-06-25,1998,France,Group stage,"Stade de la Mosson, Montpellier",Berti Vogts,Jalal Talebi,0,11,8,0.6,75,4,10,0.2,5,0,0
United States,FR Yugoslavia,1998-06-25,1998,France,Group stage,"Stade de la Beaujoire - Louis Fonteneau, Nantes",Steve Sampson,Slobodan Santrač,2,3,7,0.2,16,3,2,0.5,2,0,0
Colombia,England,1998-06-26,1998,France,Group stage,"Stade Bollaert-Delelis, Lens",Hernán Darío Gómez,Glenn Hoddle,2,5,6,0.4,12,8,7,0.4,43,0,0
Japan,Jamaica,1998-06-26,1998,France,Group stage,"Matmut Stadium de Gerland, Lyon",Takeshi Okada,René Simões,2,0,2,0.0,2,1,8,0.0,2,0,0
Argentina,Croatia,1998-06-26,1998,France,Group stage,"Stade Jacques Chaban-Delmas, Bordeaux",Daniel Passarella,Miroslav Blažević,0,10,6,0.6,54,4,1,1.0,2,0,0
Romania,Tunisia,1998-06-26,1998,France,Group stage,"Stade de France, Paris",Anghel Iordănescu,Ali Selmi,1,9,5,0.8,19,3,5,0.2,5,0,0
Brazil,Chile,1998-06-27,1998,France,Round of 16,"Parc des Princes, Paris",Mário Zagallo,Nelson Acosta,0,7,3,0.6,76,7,11,0.0,24,0,0
Italy,Norway,1998-06-27,1998,France,Round of 16,"Orange Vélodrome, Marseille",Cesare Maldini,Egil Olsen,0,9,4,0.6,64,5,5,0.2,7,0,0
Nigeria,Denmark,1998-06-28,1998,France,Round of 16,"Stade de France, Paris",Bora Milutinović,Bo Johansson,2,8,7,0.6,7,6,8,0.4,7,0,0
France,Paraguay,1998-06-28,1998,France,Round of 16,"Stade Bollaert-Delelis, Lens",Aimé Jacquet,Paulo César Carpegiani,0,13,5,0.8,37,5,6,0.2,14,1,0
Netherlands,FR Yugoslavia,1998-06-29,1998,France,Round of 16,"Stadium Municipal, Toulouse",Guus Hiddink,Slobodan Santrač,0,11,5,0.4,28,4,2,0.6666666666666666,3,0,0
Germany,Mexico,1998-06-29,1998,France,Round of 16,"Stade de la Mosson, Montpellier",Berti Vogts,Manuel Lapuente,0,10,6,0.6,76,9,7,0.2,36,0,0
Argentina,England,1998-06-30,1998,France,Round of 16,"Stade Geoffroy-Guichard, Saint-Étienne",Daniel Passarella,Glenn Hoddle,1,9,5,0.6,55,7,5,0.4,44,0,0
Romania,Croatia,1998-06-30,1998,France,Round of 16,"Stade Jacques Chaban-Delmas, Bordeaux",Anghel Iordănescu,Miroslav Blažević,2,9,6,0.6,20,4,2,0.6666666666666666,3,0,0
Italy,France,1998-07-03,1998,France,Quarter-finals,"Stade de France, Paris",Cesare Maldini,Aimé Jacquet,1,8,3,0.6,65,14,3,1.0,38,0,1
Brazil,Denmark,1998-07-03,1998,France,Quarter-finals,"Stade de la Beaujoire - Louis Fonteneau, Nantes",Mário Zagallo,Bo Johansson,0,10,4,0.6,77,8,9,0.4,8,0,0
Germany,Croatia,1998-07-04,1998,France,Quarter-finals,"Matmut Stadium de Gerland, Lyon",Berti Vogts,Miroslav Blažević,2,9,5,0.6,77,5,2,0.75,4,0,0
Netherlands,Argentina,1998-07-04,1998,France,Quarter-finals,"Orange Vélodrome, Marseille",Guus Hiddink,Daniel Passarella,0,11,6,0.4,29,11,5,0.6,56,0,0
Brazil,Netherlands,1998-07-07,1998,France,Semi-finals,"Orange Vélodrome, Marseille",Mário Zagallo,Guus Hiddink,1,13,6,0.8,78,11,4,0.6,30,0,0
France,Croatia,1998-07-08,1998,France,Semi-finals,"Stade de France, Paris",Aimé Jacquet,Miroslav Blažević,0,10,1,0.8,39,8,2,0.8,5,1,0
Netherlands,Croatia,1998-07-11,1998,France,Third-place match,"Parc des Princes, Paris",Guus Hiddink,Miroslav Blažević,2,12,5,0.6,31,6,3,0.6,6,0,0
Brazil,France,1998-07-12,1998,France,Final,"Stade de France, Paris",Mário Zagallo,Aimé Jacquet,2,12,6,0.6,79,9,2,0.8,40,0,1
France,Senegal,2002-05-31,2002,"Korea Republic, Japan",Group stage,"Seoul World Cup Stadium, Seoul",Roger Lemerre,Bruno Metsu,2,8,2,0.8,41,0,0,0.0,0,0,0
Germany,Saudi Arabia,2002-06-01,2002,"Korea Republic, Japan",Group stage,"Sapporo Dome, Sapporo",Rudi Völler,Nasser Al-Johar,0,8,6,0.6,78,4,10,0.2,7,0,0
Uruguay,Denmark,2002-06-01,2002,"Korea Republic, Japan",Group stage,"Munsu Cup Stadium, Ulsan",Víctor Púa,Morten Olsen,2,2,6,0.2,37,9,7,0.4,9,0,0
Ireland,Cameroon,2002-06-01,2002,"Korea Republic, Japan",Group stage,"Denka Big Swan Stadium, Niigata",Mick McCarthy,Winfried Schäfer,1,2,5,0.2,9,3,14,0.0,14,0,0
Spain,Slovenia,2002-06-02,2002,"Korea Republic, Japan",Group stage,"Guus Hiddink Stadium, Gwangju",José Antonio Camacho,Srečko Katanec,0,12,6,0.4,40,0,0,0.0,0,0,0
England,Sweden,2002-06-02,2002,"Korea Republic, Japan",Group stage,"Saitama Stadium 2002, Saitama",Sven-Göran Eriksson,Tommy Söderberg,1,8,6,0.4,45,10,5,0.4,38,0,0
Paraguay,South Africa,2002-06-02,2002,"Korea Republic, Japan",Group stage,"Busan Sport Complex Asiad Stadium, Busan",Cesare Maldini,Jomo Sono,1,3,5,0.2,15,3,6,0.0,3,0,0
Argentina,Nigeria,2002-06-02,2002,"Korea Republic, Japan",Group stage,"Kashima Soccer Stadium, Kashima",Marcelo Bielsa,Festus Onigbinde,0,10,4,0.6,57,7,11,0.4,8,0,0
Croatia,Mexico,2002-06-03,2002,"Korea Republic, Japan",Group stage,"Denka Big Swan Stadium, Niigata",Mirko Jozić,Javier Aguirre,2,7,4,0.6,7,9,8,0.2,37,0,0
Italy,Ecuador,2002-06-03,2002,"Korea Republic, Japan",Group stage,"Sapporo Dome, Sapporo",Giovanni Trapattoni,Hernán Darío Gómez,0,8,3,0.6,66,0,0,0.0,0,0,0
Brazil,Türkiye,2002-06-03,2002,"Korea Republic, Japan",Group stage,"Munsu Cup Stadium, Ulsan",Luiz Felipe Scolari,Şenol Güneş,0,9,9,0.4,80,10,11,0.3333333333333333,3,0,0
South Korea,Poland,2002-06-04,2002,"Korea Republic, Japan",Group stage,"Busan Sport Complex Asiad Stadium, Busan",Guus Hiddink,Jerzy Engel,0,4,12,0.0,14,4,9,0.4,25,0,0
Japan,Belgium,2002-06-04,2002,"Korea Republic, Japan",Group stage,"Saitama Stadium 2002, Saitama",Philippe Troussier,Robert Waseige,1,1,4,0.0,3,5,7,0.0,32,0,0
China,Costa Rica,2002-06-04,2002,"Korea Republic, Japan",Group stage,"Guus Hiddink Stadium, Gwangju",Bora Milutinović,Alexandre Guimarães,2,0,0,0.0,0,4,6,0.5,4,0,0
Germany,Ireland,2002-06-05,2002,"Korea Republic, Japan",Group stage,"Kashima Soccer Stadium, Kashima",Rudi Völler,Mick McCarthy,1,14,6,0.6,79,3,5,0.2,10,0,0
United States,Portugal,2002-06-05,2002,"Korea Republic, Japan",Group stage,"Suwon World Cup Stadium, Suwon",Bruce Arena,António Luís Alves Ribeiro Oliveira,0,1,7,0.0,17,5,7,0.4,9,0,0
Russia,Tunisia,2002-06-05,2002,"Korea Republic, Japan",Group stage,"NOEVIR Stadium Kobe, Kobe",Oleg Romantsev,Ammar Souayah,0,11,8,0.4,34,1,5,0.0,6,0,0
France,Uruguay,2002-06-06,2002,"Korea Republic, Japan",Group stage,"Busan Sport Complex Asiad Stadium, Busan",Roger Lemerre,Víctor Púa,1,6,2,0.6,42,3,7,0.2,38,0,0
Cameroon,Saudi Arabia,2002-06-06,2002,"Korea Republic, Japan",Group stage,"Saitama Stadium 2002, Saitama",Winfried Schäfer,Nasser Al-Johar,0,4,12,0.0,15,3,18,0.0,8,0,0
Denmark,Senegal,2002-06-06,2002,"Korea Republic, Japan",Group stage,"Daegu Main Stadium, Daegu",Morten Olsen,Bruno Metsu,1,10,8,0.4,10,1,0,1.0,1,0,0
Argentina,England,2002-06-07,2002,"Korea Republic, Japan",Group stage,"Sapporo Dome, Sapporo",Marcelo Bielsa,Sven-Göran Eriksson,2,10,4,0.6,58,8,5,0.4,46,0,0
Spain,Paraguay,2002-06-07,2002,"Korea Republic, Japan",Group stage,"Jeonju World Cup Stadium, Jeonju",José Antonio Camacho,Cesare Maldini,0,12,7,0.4,41,5,4,0.2,16,0,0
Sweden,Nigeria,2002-06-07,2002,"Korea Republic, Japan",Group stage,"NOEVIR Stadium Kobe, Kobe",Tommy Söderberg,Festus Onigbinde,0,10,5,0.4,39,6,10,0.4,9,0,0
South Africa,Slovenia,2002-06-08,2002,"Korea Republic, Japan",Group stage,"Daegu Main Stadium, Daegu",Jomo Sono,Srečko Katanec,0,5,8,0.0,4,1,3,0.0,1,0,0
Italy,Croatia,2002-06-08,2002,"Korea Republic, Japan",Group stage,"Kashima Soccer Stadium, Kashima",Giovanni Trapattoni,Mirko Jozić,2,8,1,0.8,67,7,4,0.6,8,0,0
Brazil,China,2002-06-08,2002,"Korea Republic, Japan",Group stage,"Jeju World Cup Stadium, Jeju",Luiz Felipe Scolari,Bora Milutinović,0,10,8,0.6,81,0,2,0.0,1,0,0
Mexico,Ecuador,2002-06-09,2002,"Korea Republic, Japan",Group stage,"Sapporo Dome, Sapporo",Javier Aguirre,Hernán Darío Gómez,0,9,7,0.4,38,0,2,0.0,1,0,0
Japan,Russia,2002-06-09,2002,"Korea Republic, Japan",Group stage,"Nissan Stadium, Yokohama",Philippe Troussier,Oleg Romantsev,0,3,6,0.0,4,13,6,0.6,35,0,0
Costa Rica,Türkiye,2002-06-09,2002,"Korea Republic, Japan",Group stage,"Incheon Munhak Stadium, Incheon",Alexandre Guimarães,Şenol Güneş,1,6,6,0.6,5,11,13,0.25,4,0,0
South Korea,United States,2002-06-10,2002,"Korea Republic, Japan",Group stage,"Daegu Main Stadium, Daegu",Guus Hiddink,Bruce Arena,1,6,12,0.2,15,4,8,0.2,18,0,0
Portugal,Poland,2002-06-10,2002,"Korea Republic, Japan",Group stage,"Jeonju World Cup Stadium, Jeonju",António Luís Alves Ribeiro Oliveira,Jerzy Engel,0,6,8,0.4,10,1,9,0.2,26,0,0
Tunisia,Belgium,2002-06-10,2002,"Korea Republic, Japan",Group stage,"Ōita Bank Dome, Ōita",Ammar Souayah,Robert Waseige,1,1,6,0.0,7,7,8,0.0,33,0,0
Denmark,France,2002-06-11,2002,"Korea Republic, Japan",Group stage,"Incheon Munhak Stadium, Incheon",Morten Olsen,Roger Lemerre,0,10,8,0.4,11,5,2,0.4,43,0,0
Cameroon,Germany,2002-06-11,2002,"Korea Republic, Japan",Group stage,"Shizuoka Stadium Ecopa, Fukuroi",Winfried Schäfer,Rudi Völler,2,4,6,0.2,16,13,5,0.6,80,0,0
Saudi Arabia,Ireland,2002-06-11,2002,"Korea Republic, Japan",Group stage,"Nissan Stadium, Yokohama",Nasser Al-Johar,Mick McCarthy,2,2,16,0.0,9,3,6,0.0,11,0,0
Senegal,Uruguay,2002-06-11,2002,"Korea Republic, Japan",Group stage,"Suwon World Cup Stadium, Suwon",Bruno Metsu,Víctor Púa,1,2,1,0.5,2,3,7,0.2,39,0,0
Slovenia,Paraguay,2002-06-12,2002,"Korea Republic, Japan",Group stage,"Jeju World Cup Stadium, Jeju",Srečko Katanec,Cesare Maldini,2,1,4,0.0,2,6,7,0.2,17,0,0
South Africa,Spain,2002-06-12,2002,"Korea Republic, Japan",Group stage,"Daejeon World Cup Stadium, Daejeon",Jomo Sono,José Antonio Camacho,2,6,8,0.2,5,14,6,0.6,42,0,0
Nigeria,England,2002-06-12,2002,"Korea Republic, Japan",Group stage,"Yanmar Stadium Nagai, Osaka",Festus Onigbinde,Sven-Göran Eriksson,1,4,10,0.2,10,7,5,0.4,47,0,0
Sweden,Argentina,2002-06-12,2002,"Korea Republic, Japan",Group stage,"Miyagi Stadium, Rifu",Lars Lagerbäck,Marcelo Bielsa,1,9,5,0.4,40,5,5,0.4,59,0,0
Ecuador,Croatia,2002-06-13,2002,"Korea Republic, Japan",Group stage,"Nissan Stadium, Yokohama",Hernán Darío Gómez,Mirko Jozić,0,1,4,0.0,2,8,5,0.6,9,0,0
Mexico,Italy,2002-06-13,2002,"Korea Republic, Japan",Group stage,"Ōita Bank Dome, Ōita",Javier Aguirre,Giovanni Trapattoni,1,8,7,0.4,39,6,3,0.6,68,0,0
Türkiye,China,2002-06-13,2002,"Korea Republic, Japan",Group stage,"Seoul World Cup Stadium, Seoul",Şenol Güneş,Bora Milutinović,0,12,14,0.2,5,0,6,0.0,2,0,0
Costa Rica,Brazil,2002-06-13,2002,"Korea Republic, Japan",Group stage,"Suwon World Cup Stadium, Suwon",Alexandre Guimarães,Luiz Felipe Scolari,2,6,7,0.4,6,10,7,0.6,82,0,0
Tunisia,Japan,2002-06-14,2002,"Korea Republic, Japan",Group stage,"Yanmar Stadium Nagai, Osaka",Ammar Souayah,Philippe Troussier,2,2,7,0.0,8,4,6,0.2,5,0,0
Portugal,South Korea,2002-06-14,2002,"Korea Republic, Japan",Group stage,"Incheon Munhak Stadium, Incheon",António Luís Alves Ribeiro Oliveira,Guus Hiddink,2,8,7,0.4,11,5,10,0.2,16,0,0
Belgium,Russia,2002-06-14,2002,"Korea Republic, Japan",Group stage,"Shizuoka Stadium Ecopa, Fukuroi",Robert Waseige,Oleg Romantsev,0,6,6,0.0,34,9,7,0.4,36,0,0
Poland,United States,2002-06-14,2002,"Korea Republic, Japan",Group stage,"Daejeon World Cup Stadium, Daejeon",Jerzy Engel,Bruce Arena,0,1,13,0.2,27,5,8,0.2,19,0,0
Denmark,England,2002-06-15,2002,"Korea Republic, Japan",Round of 16,"Denka Big Swan Stadium, Niigata",Morten Olsen,Sven-Göran Eriksson,2,11,6,0.6,12,6,3,0.4,48,0,0
Germany,Paraguay,2002-06-15,2002,"Korea Republic, Japan",Round of 16,"Jeju World Cup Stadium, Jeju",Rudi Völler,Cesare Maldini,0,13,5,0.6,81,9,8,0.4,18,0,0
Spain,Ireland,2002-06-16,2002,"Korea Republic, Japan",Round of 16,"Suwon World Cup Stadium, Suwon",José Antonio Camacho,Mick McCarthy,1,15,5,0.8,43,5,4,0.2,12,0,0
Sweden,Senegal,2002-06-16,2002,"Korea Republic, Japan",Round of 16,"Ōita Bank Dome, Ōita",Lars Lagerbäck,Bruno Metsu,2,8,4,0.4,41,5,4,0.3333333333333333,3,0,0
Brazil,Belgium,2002-06-17,2002,"Korea Republic, Japan",Round of 16,"NOEVIR Stadium Kobe, Kobe",Luiz Felipe Scolari,Robert Waseige,0,12,7,0.6,83,9,8,0.2,35,0,0
Mexico,United States,2002-06-17,2002,"Korea Republic, Japan",Round of 16,"Jeonju World Cup Stadium, Jeonju",Javier Aguirre,Bruce Arena,2,7,6,0.4,40,6,9,0.2,20,0,0
Japan,Türkiye,2002-06-18,2002,"Korea Republic, Japan",Round of 16,"Miyagi Stadium, Rifu",Philippe Troussier,Şenol Güneş,2,6,5,0.4,6,14,10,0.4,6,0,0
South Korea,Italy,2002-06-18,2002,"Korea Republic, Japan",Round of 16,"Daejeon World Cup Stadium, Daejeon",Guus Hiddink,Giovanni Trapattoni,0,5,7,0.4,17,5,3,0.4,69,0,0
England,Brazil,2002-06-21,2002,"Korea Republic, Japan",Quarter-finals,"Daejeon World Cup Stadium, Daejeon",Sven-Göran Eriksson,Luiz Felipe Scolari,2,7,3,0.4,49,13,6,0.8,84,0,0
Germany,United States,2002-06-21,2002,"Korea Republic, Japan",Quarter-finals,"Munsu Cup Stadium, Ulsan",Rudi Völler,Bruce Arena,0,12,4,0.6,82,7,7,0.4,21,0,0
Senegal,Türkiye,2002-06-22,2002,"Korea Republic, Japan",Quarter-finals,"Yanmar Stadium Nagai, Osaka",Bruno Metsu,Şenol Güneş,2,7,5,0.5,4,8,10,0.4,7,0,0
Spain,South Korea,2002-06-22,2002,"Korea Republic, Japan",Quarter-finals,"Guus Hiddink Stadium, Gwangju",José Antonio Camacho,Guus Hiddink,1,16,6,0.8,44,7,3,0.6,18,0,0
Germany,South Korea,2002-06-25,2002,"Korea Republic, Japan",Semi-finals,"Seoul World Cup Stadium, Seoul",Rudi Völler,Guus Hiddink,0,13,1,0.8,83,6,2,0.6,19,0,0
Brazil,Türkiye,2002-06-26,2002,"Korea Republic, Japan",Semi-finals,"Saitama Stadium 2002, Saitama",Luiz Felipe Scolari,Şenol Güneş,0,15,4,1.0,85,7,3,0.6,8,0,0
South Korea,Türkiye,2002-06-29,2002,"Korea Republic, Japan",Third-place match,"Daegu Main Stadium, Daegu",Guus Hiddink,Şenol Güneş,2,4,3,0.4,20,6,2,0.6,9,0,0
Germany,Brazil,2002-06-30,2002,"Korea Republic, Japan",Final,"Nissan Stadium, Yokohama",Rudi Völler,Luiz Felipe Scolari,2,6,1,0.8,84,14,3,1.0,86,0,0
Poland,Ecuador,2006-06-09,2006,Germany,Group stage,"Veltins-Arena, Gelsenkirchen",Paweł Janas,Luis Fernando Suárez,2,3,14,0.2,28,2,4,0.3333333333333333,3,0,0
Germany,Costa Rica,2006-06-09,2006,Germany,Group stage,"Allianz Arena, München",Jürgen Klinsmann,Alexandre Guimarães,0,5,2,0.8,85,8,11,0.4,7,1,0
Argentina,Côte d'Ivoire,2006-06-10,2006,Germany,Group stage,"Volksparkstadion, Hamburg",José Pékerman,Henri Michel,0,5,6,0.2,60,0,0,0.0,0,0,0
Trinidad and Tobago,Sweden,2006-06-10,2006,Germany,Group stage,"Signal Iduna Park, Dortmund",Leo Beenhakker,Lars Lagerbäck,1,0,0,0.0,0,9,5,0.4,42,0,0
England,Paraguay,2006-06-10,2006,Germany,Group stage,"Commerzbank-Arena, Frankfurt am Main",Sven-Göran Eriksson,Aníbal Ruiz,0,6,3,0.4,50,6,8,0.2,19,0,0
Serbia and Montenegro,Netherlands,2006-06-11,2006,Germany,Group stage,"Red Bull Arena, Leipzig",Ilija Petković,Marco van Basten,2,0,0,0.0,0,8,7,0.4,32,0,0
Angola,Portugal,2006-06-11,2006,Germany,Group stage,"RheinEnergieSTADION, Köln",Oliveira Gonçalves,Luiz Felipe Scolari,2,0,0,0.0,0,7,8,0.2,12,0,0
Mexico,Iran,2006-06-11,2006,Germany,Group stage,"Max-Morlock-Stadion, Nürnberg",Ricardo La Volpe,Branko Ivanković,0,5,6,0.4,41,4,9,0.2,6,0,0
United States,Czech Republic,2006-06-12,2006,Germany,Group stage,"Veltins-Arena, Gelsenkirchen",Bruce Arena,Karel Brückner,2,7,7,0.4,22,0,0,0.0,0,0,0
Australia,Japan,2006-06-12,2006,Germany,Group stage,"Fritz-Walter-Stadion, Kaiserslautern",Guus Hiddink,Zico,0,0,5,0.0,3,6,5,0.4,7,0,0
Italy,Ghana,2006-06-12,2006,Germany,Group stage,"HDI-Arena, Hannover",Marcello Lippi,Ratomir Dujković,0,5,5,0.2,70,0,0,0.0,0,0,0
Brazil,Croatia,2006-06-13,2006,Germany,Group stage,"Olympiastadion Berlin, Berlin",Carlos Alberto Parreira,Zlatko Kranjčar,0,12,3,1.0,87,5,6,0.4,10,0,0
France,Switzerland,2006-06-13,2006,Germany,Group stage,"Mercedes-Benz Arena, Stuttgart",Raymond Domenech,Köbi Kuhn,1,5,4,0.4,44,5,9,0.2,22,0,0
South Korea,Togo,2006-06-13,2006,Germany,Group stage,"Commerzbank-Arena, Frankfurt am Main",Dick Advocaat,Otto Pfister,0,5,5,0.4,21,0,0,0.0,0,0,0
Germany,Poland,2006-06-14,2006,Germany,Group stage,"Signal Iduna Park, Dortmund",Jürgen Klinsmann,Paweł Janas,0,7,4,0.8,86,3,13,0.2,29,1,0
Tunisia,Saudi Arabia,2006-06-14,2006,Germany,Group stage,"Allianz Arena, München",Roger Lemerre,Marcos Paquetá,1,2,7,0.0,9,2,18,0.0,10,0,0
Spain,Ukraine,2006-06-14,2006,Germany,Group stage,"Red Bull Arena, Leipzig",Luis Aragonés,Oleh Blokhin,0,10,5,0.6,45,0,0,0.0,0,0,0
Sweden,Paraguay,2006-06-15,2006,Germany,Group stage,"Olympiastadion Berlin, Berlin",Lars Lagerbäck,Aníbal Ruiz,0,5,5,0.2,43,6,8,0.2,20,0,0
England,Trinidad and Tobago,2006-06-15,2006,Germany,Group stage,"Max-Morlock-Stadion, Nürnberg",Sven-Göran Eriksson,Leo Beenhakker,0,6,2,0.6,51,0,0,0.0,1,0,0
Ecuador,Costa Rica,2006-06-15,2006,Germany,Group stage,"Veltins-Arena, Gelsenkirchen",Luis Fernando Suárez,Alexandre Guimarães,0,4,4,0.5,4,8,14,0.2,8,0,0
Argentina,Serbia and Montenegro,2006-06-16,2006,Germany,Group stage,"Veltins-Arena, Gelsenkirchen",José Pékerman,Ilija Petković,0,5,5,0.4,61,0,1,0.0,1,0,0
Netherlands,Côte d'Ivoire,2006-06-16,2006,Germany,Group stage,"Mercedes-Benz Arena, Stuttgart",Marco van Basten,Henri Michel,0,7,5,0.6,33,1,2,0.0,1,0,0
Mexico,Angola,2006-06-16,2006,Germany,Group stage,"HDI-Arena, Hannover",Ricardo La Volpe,Oliveira Gonçalves,1,7,5,0.6,42,0,1,0.0,1,0,0
Portugal,Iran,2006-06-17,2006,Germany,Group stage,"Commerzbank-Arena, Frankfurt am Main",Luiz Felipe Scolari,Branko Ivanković,0,8,7,0.4,13,4,11,0.2,7,0,0
Italy,United States,2006-06-17,2006,Germany,Group stage,"Fritz-Walter-Stadion, Kaiserslautern",Marcello Lippi,Bruce Arena,1,7,5,0.4,71,4,8,0.2,23,0,0
Czech Republic,Ghana,2006-06-17,2006,Germany,Group stage,"RheinEnergieSTADION, Köln",Karel Brückner,Ratomir Dujković,2,3,0,1.0,1,0,2,0.0,1,0,0
Japan,Croatia,2006-06-18,2006,Germany,Group stage,"Max-Morlock-Stadion, Nürnberg",Zico,Zlatko Kranjčar,1,6,6,0.4,8,4,5,0.4,11,0,0
France,South Korea,2006-06-18,2006,Germany,Group stage,"Red Bull Arena, Leipzig",Raymond Domenech,Dick Advocaat,1,3,3,0.2,45,6,6,0.4,22,0,0
Brazil,Australia,2006-06-18,2006,Germany,Group stage,"Allianz Arena, München",Carlos Alberto Parreira,Guus Hiddink,0,8,1,1.0,88,3,6,0.25,4,0,0
Spain,Tunisia,2006-06-19,2006,Germany,Group stage,"Mercedes-Benz Arena, Stuttgart",Luis Aragonés,Roger Lemerre,0,11,4,0.6,46,4,8,0.0,10,0,0
Saudi Arabia,Ukraine,2006-06-19,2006,Germany,Group stage,"Volksparkstadion, Hamburg",Marcos Paquetá,Oleh Blokhin,2,4,16,0.0,11,0,4,0.0,1,0,0
Togo,Switzerland,2006-06-19,2006,Germany,Group stage,"Signal Iduna Park, Dortmund",Otto Pfister,Köbi Kuhn,2,1,2,0.0,1,5,7,0.2,23,0,0
Sweden,England,2006-06-20,2006,Germany,Group stage,"RheinEnergieSTADION, Köln",Lars Lagerbäck,Sven-Göran Eriksson,1,5,4,0.4,44,7,2,0.6,52,0,0
Paraguay,Trinidad and Tobago,2006-06-20,2006,Germany,Group stage,"Fritz-Walter-Stadion, Kaiserslautern",Aníbal Ruiz,Leo Beenhakker,0,4,7,0.2,21,0,2,0.0,2,0,0
Ecuador,Germany,2006-06-20,2006,Germany,Group stage,"Olympiastadion Berlin, Berlin",Luis Fernando Suárez,Jürgen Klinsmann,2,7,4,0.6,5,7,4,0.8,87,0,1
Costa Rica,Poland,2006-06-20,2006,Germany,Group stage,"HDI-Arena, Hannover",Alexandre Guimarães,Paweł Janas,2,7,13,0.2,9,3,10,0.2,30,0,0
Portugal,Mexico,2006-06-21,2006,Germany,Group stage,"Veltins-Arena, Gelsenkirchen",Luiz Felipe Scolari,Ricardo La Volpe,0,9,4,0.6,14,6,5,0.4,43,0,0
Netherlands,Argentina,2006-06-21,2006,Germany,Group stage,"Commerzbank-Arena, Frankfurt am Main",Marco van Basten,José Pékerman,1,7,5,0.6,34,10,3,0.6,62,0,0
Côte d'Ivoire,Serbia and Montenegro,2006-06-21,2006,Germany,Group stage,"Allianz Arena, München",Henri Michel,Ilija Petković,0,2,4,0.0,2,0,7,0.0,2,0,0
Iran,Angola,2006-06-21,2006,Germany,Group stage,"Red Bull Arena, Leipzig",Branko Ivanković,Oliveira Gonçalves,1,3,9,0.2,8,0,1,0.0,2,0,0
Croatia,Australia,2006-06-22,2006,Germany,Group stage,"Mercedes-Benz Arena, Stuttgart",Zlatko Kranjčar,Guus Hiddink,1,2,4,0.2,12,3,8,0.2,5,0,0
Japan,Brazil,2006-06-22,2006,Germany,Group stage,"Signal Iduna Park, Dortmund",Zico,Carlos Alberto Parreira,2,4,4,0.4,9,8,1,1.0,89,0,0
Czech Republic,Italy,2006-06-22,2006,Germany,Group stage,"Volksparkstadion, Hamburg",Karel Brückner,Marcello Lippi,2,3,2,0.5,2,6,6,0.2,72,0,0
Ghana,United States,2006-06-22,2006,Germany,Group stage,"Max-Morlock-Stadion, Nürnberg",Ratomir Dujković,Bruce Arena,0,2,2,0.5,2,4,8,0.2,24,0,0
Switzerland,South Korea,2006-06-23,2006,Germany,Group stage,"HDI-Arena, Hannover",Köbi Kuhn,Dick Advocaat,0,6,6,0.4,24,5,6,0.2,23,0,0
Togo,France,2006-06-23,2006,Germany,Group stage,"RheinEnergieSTADION, Köln",Otto Pfister,Raymond Domenech,2,1,4,0.0,2,1,4,0.0,46,0,0
Ukraine,Tunisia,2006-06-23,2006,Germany,Group stage,"Olympiastadion Berlin, Berlin",Oleh Blokhin,Roger Lemerre,0,4,4,0.5,2,4,10,0.0,11,0,0
Saudi Arabia,Spain,2006-06-23,2006,Germany,Group stage,"Fritz-Walter-Stadion, Kaiserslautern",Marcos Paquetá,Luis Aragonés,2,2,18,0.0,12,11,4,0.6,47,0,0
Germany,Sweden,2006-06-24,2006,Germany,Round of 16,"Allianz Arena, München",Jürgen Klinsmann,Lars Lagerbäck,0,9,4,0.8,88,5,5,0.2,45,1,0
Argentina,Mexico,2006-06-24,2006,Germany,Round of 16,"Red Bull Arena, Leipzig",José Pékerman,Ricardo La Volpe,0,9,3,0.4,63,5,6,0.2,44,0,0
Portugal,Netherlands,2006-06-25,2006,Germany,Round of 16,"Max-Morlock-Stadion, Nürnberg",Luiz Felipe Scolari,Marco van Basten,0,9,2,0.8,15,5,4,0.4,35,0,0
England,Ecuador,2006-06-25,2006,Germany,Round of 16,"Mercedes-Benz Arena, Stuttgart",Sven-Göran Eriksson,Luis Fernando Suárez,0,9,4,0.6,53,7,5,0.6,6,0,0
Switzerland,Ukraine,2006-06-26,2006,Germany,Round of 16,"RheinEnergieSTADION, Köln",Köbi Kuhn,Oleh Blokhin,1,4,5,0.4,25,5,4,0.6666666666666666,3,0,0
Italy,Australia,2006-06-26,2006,Germany,Round of 16,"Fritz-Walter-Stadion, Kaiserslautern",Marcello Lippi,Guus Hiddink,0,7,4,0.4,73,5,8,0.2,6,0,0
Spain,France,2006-06-27,2006,Germany,Round of 16,"HDI-Arena, Hannover",Luis Aragonés,Raymond Domenech,2,9,2,0.6,48,3,3,0.2,47,0,0
Brazil,Ghana,2006-06-27,2006,Germany,Round of 16,"Signal Iduna Park, Dortmund",Carlos Alberto Parreira,Ratomir Dujković,0,10,1,1.0,90,4,3,0.6666666666666666,3,0,0
Italy,Ukraine,2006-06-30,2006,Germany,Quarter-finals,"Volksparkstadion, Hamburg",Marcello Lippi,Oleh Blokhin,0,7,3,0.6,74,5,4,0.5,4,0,0
Germany,Argentina,2006-06-30,2006,Germany,Quarter-finals,"Olympiastadion Berlin, Berlin",Jürgen Klinsmann,José Pékerman,1,10,4,0.8,89,11,3,0.6,64,1,0
Brazil,France,2006-07-01,2006,Germany,Quarter-finals,"Commerzbank-Arena, Frankfurt am Main",Carlos Alberto Parreira,Raymond Domenech,2,12,1,1.0,91,6,4,0.4,48,0,0
England,Portugal,2006-07-01,2006,Germany,Quarter-finals,"Veltins-Arena, Gelsenkirchen",Sven-Göran Eriksson,Luiz Felipe Scolari,1,7,4,0.6,54,6,2,0.8,16,0,0
Germany,Italy,2006-07-04,2006,Germany,Semi-finals,"Signal Iduna Park, Dortmund",Jürgen Klinsmann,Marcello Lippi,2,11,3,0.8,90,9,1,0.8,75,1,0
Portugal,France,2006-07-05,2006,Germany,Semi-finals,"Allianz Arena, München",Luiz Felipe Scolari,Raymond Domenech,2,6,1,0.8,17,7,2,0.6,49,0,0
Germany,Portugal,2006-07-08,2006,Germany,Third-place match,"Mercedes-Benz Arena, Stuttgart",Jürgen Klinsmann,Luiz Felipe Scolari,0,7,3,0.6,91,5,2,0.6,18,1,0
Italy,France,2006-07-09,2006,Germany,Final,"Olympiastadion Berlin, Berlin",Marcello Lippi,Raymond Domenech,1,9,1,0.8,76,8,2,0.8,50,0,0
South Africa,Mexico,2010-06-11,2010,South Africa,Group stage,"Soccer City, Johannesburg",Carlos Alberto Parreira,Javier Aguirre,1,8,8,0.2,6,5,7,0.2,45,1,0
Uruguay,France,2010-06-11,2010,South Africa,Group stage,"Cape Town Stadium, Cape Town",Óscar Tabárez,Raymond Domenech,1,5,7,0.2,40,8,2,0.8,51,0,0
England,United States,2010-06-12,2010,South Africa,Group stage,"Royal Bafokeng Stadium, Phokeng",Fabio Capello,Bob Bradley,1,6,2,0.6,55,4,7,0.2,25,0,0
Argentina,Nigeria,2010-06-12,2010,South Africa,Group stage,"Emirates Airline Park, Johannesburg",Diego Maradona,Lars Lagerbäck,0,11,3,0.6,65,3,10,0.0,11,0,0
South Korea,Greece,2010-06-12,2010,South Africa,Group stage,"Nelson Mandela Bay Stadium, Port Elizabeth",Huh Jung-moo,Otto Rehhagel,0,5,8,0.2,24,0,10,0.0,3,0,0
Germany,Australia,2010-06-13,2010,South Africa,Group stage,"Moses Mabhida Stadium, Durban",Joachim Löw,Pim Verbeek,0,9,4,0.6,92,5,6,0.2,7,0,0
Serbia,Ghana,2010-06-13,2010,South Africa,Group stage,"Loftus Versfeld Stadium, Pretoria",Radomir Antić,Milovan Rajevac,2,0,0,0.0,0,4,6,0.5,4,0,0
Algeria,Slovenia,2010-06-13,2010,South Africa,Group stage,"Peter Mokaba Stadium, Polokwane",Rabah Saâdane,Matjaž Kek,2,4,9,0.2,6,2,7,0.0,3,0,0
Italy,Paraguay,2010-06-14,2010,South Africa,Group stage,"Cape Town Stadium, Cape Town",Marcello Lippi,Gerardo Martino,1,9,1,0.8,77,5,4,0.4,22,0,0
Japan,Cameroon,2010-06-14,2010,South Africa,Group stage,"Toyota Stadium, Bloemfontein",Takeshi Okada,Paul Le Guen,0,4,8,0.2,10,3,7,0.2,17,0,0
Netherlands,Denmark,2010-06-14,2010,South Africa,Group stage,"Soccer City, Johannesburg",Bert van Marwijk,Morten Olsen,0,4,4,0.4,36,7,8,0.4,13,0,0
Brazil,North Korea,2010-06-15,2010,South Africa,Group stage,"Emirates Airline Park, Johannesburg",Dunga,Kim Jong-hun,0,10,2,0.8,92,5,9,0.25,4,0,0
Côte d'Ivoire,Portugal,2010-06-15,2010,South Africa,Group stage,"Nelson Mandela Bay Stadium, Port Elizabeth",Sven-Göran Eriksson,Carlos Queiroz,1,5,6,0.3333333333333333,3,4,5,0.4,19,0,0
New Zealand,Slovakia,2010-06-15,2010,South Africa,Group stage,"Royal Bafokeng Stadium, Phokeng",Ricki Herbert,Vladimír Weiss,1,2,12,0.0,3,0,0,0.0,0,0,0
Honduras,Chile,2010-06-16,2010,South Africa,Group stage,"Mbombela Stadium, Nelspruit",Reinaldo Rueda,Marcelo Bielsa,2,2,3,0.0,3,7,11,0.0,25,0,0
South Africa,Uruguay,2010-06-16,2010,South Africa,Group stage,"Loftus Versfeld Stadium, Pretoria",Carlos Alberto Parreira,Óscar Tabárez,2,8,8,0.2,7,4,7,0.0,41,1,0
Spain,Switzerland,2010-06-16,2010,South Africa,Group stage,"Moses Mabhida Stadium, Durban",Vicente del Bosque,Ottmar Hitzfeld,2,9,4,0.6,49,4,3,0.4,26,0,0
Greece,Nigeria,2010-06-17,2010,South Africa,Group stage,"Toyota Stadium, Bloemfontein",Otto Rehhagel,Lars Lagerbäck,0,0,12,0.0,4,2,8,0.0,12,0,0
France,Mexico,2010-06-17,2010,South Africa,Group stage,"Peter Mokaba Stadium, Polokwane",Raymond Domenech,Javier Aguirre,2,6,2,0.6,52,6,6,0.2,46,0,0
Argentina,South Korea,2010-06-17,2010,South Africa,Group stage,"Soccer City, Johannesburg",Diego Maradona,Huh Jung-moo,0,10,2,0.6,66,7,7,0.4,25,0,0
England,Algeria,2010-06-18,2010,South Africa,Group stage,"Cape Town Stadium, Cape Town",Fabio Capello,Rabah Saâdane,1,6,3,0.4,56,4,8,0.2,7,0,0
Slovenia,United States,2010-06-18,2010,South Africa,Group stage,"Emirates Airline Park, Johannesburg",Matjaž Kek,Bob Bradley,1,3,7,0.25,4,3,8,0.0,26,0,0
Germany,Serbia,2010-06-18,2010,South Africa,Group stage,"Nelson Mandela Bay Stadium, Port Elizabeth",Joachim Löw,Radomir Antić,2,10,4,0.6,93,0,1,0.0,1,0,0
Cameroon,Denmark,2010-06-19,2010,South Africa,Group stage,"Loftus Versfeld Stadium, Pretoria",Paul Le Guen,Morten Olsen,2,3,5,0.2,18,5,7,0.4,14,0,0
Ghana,Australia,2010-06-19,2010,South Africa,Group stage,"Royal Bafokeng Stadium, Phokeng",Milovan Rajevac,Pim Verbeek,1,5,6,0.6,5,5,10,0.2,8,0,0
Netherlands,Japan,2010-06-19,2010,South Africa,Group stage,"Moses Mabhida Stadium, Durban",Bert van Marwijk,Takeshi Okada,0,5,2,0.6,37,3,8,0.2,11,0,0
Brazil,Côte d'Ivoire,2010-06-20,2010,South Africa,Group stage,"Soccer City, Johannesburg",Dunga,Sven-Göran Eriksson,0,11,3,0.8,93,5,6,0.25,4,0,0
Italy,New Zealand,2010-06-20,2010,South Africa,Group stage,"Mbombela Stadium, Nelspruit",Marcello Lippi,Ricki Herbert,1,8,2,0.6,78,3,13,0.0,4,0,0
Slovakia,Paraguay,2010-06-20,2010,South Africa,Group stage,"Toyota Stadium, Bloemfontein",Vladimír Weiss,Gerardo Martino,2,1,1,0.0,1,3,4,0.2,23,0,0
Portugal,North Korea,2010-06-21,2010,South Africa,Group stage,"Cape Town Stadium, Cape Town",Carlos Queiroz,Kim Jong-hun,0,2,4,0.2,20,6,11,0.2,5,0,0
Spain,Honduras,2010-06-21,2010,South Africa,Group stage,"Emirates Airline Park, Johannesburg",Vicente del Bosque,Reinaldo Rueda,0,9,5,0.6,50,2,4,0.0,4,0,0
Chile,Switzerland,2010-06-21,2010,South Africa,Group stage,"Nelson Mandela Bay Stadium, Port Elizabeth",Marcelo Bielsa,Ottmar Hitzfeld,0,6,8,0.2,26,5,0,0.6,27,0,0
Nigeria,South Korea,2010-06-22,2010,South Africa,Group stage,"Moses Mabhida Stadium, Durban",Lars Lagerbäck,Huh Jung-moo,1,2,6,0.0,13,6,8,0.4,26,0,0
France,South Africa,2010-06-22,2010,South Africa,Group stage,"Toyota Stadium, Bloemfontein",Raymond Domenech,Carlos Alberto Parreira,2,3,3,0.4,53,6,9,0.2,8,0,1
Mexico,Uruguay,2010-06-22,2010,South Africa,Group stage,"Royal Bafokeng Stadium, Phokeng",Javier Aguirre,Óscar Tabárez,2,5,5,0.2,47,7,5,0.2,42,0,0
Greece,Argentina,2010-06-22,2010,South Africa,Group stage,"Peter Mokaba Stadium, Polokwane",Otto Rehhagel,Diego Maradona,2,2,13,0.2,5,8,3,0.6,67,0,0
Australia,Serbia,2010-06-23,2010,South Africa,Group stage,"Mbombela Stadium, Nelspruit",Pim Verbeek,Radomir Antić,0,3,10,0.0,9,1,1,0.5,2,0,0
Ghana,Germany,2010-06-23,2010,South Africa,Group stage,"Soccer City, Johannesburg",Milovan Rajevac,Joachim Löw,2,6,5,0.6,6,8,5,0.4,94,0,0
United States,Algeria,2010-06-23,2010,South Africa,Group stage,"Loftus Versfeld Stadium, Pretoria",Bob Bradley,Rabah Saâdane,0,5,9,0.0,27,1,6,0.0,8,0,0
Slovenia,England,2010-06-23,2010,South Africa,Group stage,"Nelson Mandela Bay Stadium, Port Elizabeth",Matjaž Kek,Fabio Capello,2,5,9,0.2,5,4,3,0.2,57,0,0
Paraguay,New Zealand,2010-06-24,2010,South Africa,Group stage,"Peter Mokaba Stadium, Polokwane",Gerardo Martino,Ricki Herbert,1,5,3,0.4,24,4,14,0.0,5,0,0
Cameroon,Netherlands,2010-06-24,2010,South Africa,Group stage,"Cape Town Stadium, Cape Town",Paul Le Guen,Bert van Marwijk,2,3,6,0.2,19,5,2,0.6,38,0,0
Denmark,Japan,2010-06-24,2010,South Africa,Group stage,"Royal Bafokeng Stadium, Phokeng",Morten Olsen,Takeshi Okada,2,5,7,0.4,15,3,8,0.2,12,0,0
Slovakia,Italy,2010-06-24,2010,South Africa,Group stage,"Emirates Airline Park, Johannesburg",Vladimír Weiss,Marcello Lippi,0,1,3,0.0,2,8,3,0.4,79,0,0
Portugal,Brazil,2010-06-25,2010,South Africa,Group stage,"Moses Mabhida Stadium, Durban",Carlos Queiroz,Dunga,1,8,4,0.2,21,12,4,0.8,94,0,0
North Korea,Côte d'Ivoire,2010-06-25,2010,South Africa,Group stage,"Mbombela Stadium, Nelspruit",Kim Jong-hun,Sven-Göran Eriksson,2,6,15,0.2,6,6,9,0.2,5,0,0
Switzerland,Honduras,2010-06-25,2010,South Africa,Group stage,"Toyota Stadium, Bloemfontein",Ottmar Hitzfeld,Reinaldo Rueda,1,5,1,0.6,28,2,6,0.0,5,0,0
Chile,Spain,2010-06-25,2010,South Africa,Group stage,"Loftus Versfeld Stadium, Pretoria",Marcelo Bielsa,Vicente del Bosque,2,5,6,0.4,27,7,5,0.6,51,0,0
United States,Ghana,2010-06-26,2010,South Africa,Round of 16,"Royal Bafokeng Stadium, Phokeng",Bob Bradley,Milovan Rajevac,2,6,6,0.2,28,4,6,0.4,7,0,0
Uruguay,South Korea,2010-06-26,2010,South Africa,Round of 16,"Nelson Mandela Bay Stadium, Port Elizabeth",Óscar Tabárez,Huh Jung-moo,0,7,3,0.4,43,6,9,0.2,27,0,0
Argentina,Mexico,2010-06-27,2010,South Africa,Round of 16,"Soccer City, Johannesburg",Diego Maradona,Javier Aguirre,0,10,3,0.8,68,5,6,0.2,48,0,0
Germany,England,2010-06-27,2010,South Africa,Round of 16,"Toyota Stadium, Bloemfontein",Joachim Löw,Fabio Capello,0,8,4,0.6,95,3,1,0.4,58,0,0
Brazil,Chile,2010-06-28,2010,South Africa,Round of 16,"Emirates Airline Park, Johannesburg",Dunga,Marcelo Bielsa,0,8,3,0.6,95,5,7,0.4,28,0,0
Netherlands,Slovakia,2010-06-28,2010,South Africa,Round of 16,"Moses Mabhida Stadium, Durban",Bert van Marwijk,Vladimír Weiss,0,5,2,0.6,39,4,5,0.3333333333333333,3,0,0
Spain,Portugal,2010-06-29,2010,South Africa,Round of 16,"Cape Town Stadium, Cape Town",Vicente del Bosque,Carlos Queiroz,0,6,5,0.6,52,8,4,0.2,22,0,0
Paraguay,Japan,2010-06-29,2010,South Africa,Round of 16,"Loftus Versfeld Stadium, Pretoria",Gerardo Martino,Takeshi Okada,1,5,2,0.4,25,5,6,0.4,13,0,0
Uruguay,Ghana,2010-07-02,2010,South Africa,Quarter-finals,"Soccer City, Johannesburg",Óscar Tabárez,Milovan Rajevac,1,9,4,0.6,44,4,6,0.4,8,0,0
Netherlands,Brazil,2010-07-02,2010,South Africa,Quarter-finals,"Nelson Mandela Bay Stadium, Port Elizabeth",Bert van Marwijk,Dunga,0,7,3,0.8,40,8,3,0.6,96,0,0
Paraguay,Spain,2010-07-03,2010,South Africa,Quarter-finals,"Emirates Airline Park, Johannesburg",Gerardo Martino,Vicente del Bosque,2,5,1,0.4,26,6,5,0.6,53,0,0
Argentina,Germany,2010-07-03,2010,South Africa,Quarter-finals,"Cape Town Stadium, Cape Town",Diego Maradona,Joachim Löw,2,11,3,0.8,69,12,3,0.8,96,0,0
Uruguay,Netherlands,2010-07-06,2010,South Africa,Semi-finals,"Cape Town Stadium, Cape Town",Óscar Tabárez,Bert van Marwijk,2,7,2,0.6,45,9,3,1.0,41,0,0
Germany,Spain,2010-07-07,2010,South Africa,Semi-finals,"Moses Mabhida Stadium, Durban",Joachim Löw,Vicente del Bosque,2,13,2,0.8,97,6,2,0.8,54,0,0
Uruguay,Germany,2010-07-10,2010,South Africa,Third-place match,"Nelson Mandela Bay Stadium, Port Elizabeth",Óscar Tabárez,Joachim Löw,2,9,5,0.6,46,9,3,0.6,98,0,0
Netherlands,Spain,2010-07-11,2010,South Africa,Final,"Soccer City, Johannesburg",Bert van Marwijk,Vicente del Bosque,2,10,5,1.0,42,7,1,1.0,55,0,0
Brazil,Croatia,2014-06-12,2014,Brazil,Group stage,"Arena Corinthians, São Paulo",Luiz Felipe Scolari,Niko Kovač,0,9,4,0.6,97,4,5,0.2,13,1,0
Chile,Australia,2014-06-13,2014,Brazil,Group stage,"Arena Pantanal, Cuiabá",Jorge Sampaoli,Ange Postecoglou,0,4,9,0.4,29,5,9,0.2,10,0,0
Spain,Netherlands,2014-06-13,2014,Brazil,Group stage,"Itaipava Arena Fonte Nova, Salvador",Del Bosque,Louis van Gaal,2,6,1,1.0,56,9,6,0.8,43,0,0
Mexico,Cameroon,2014-06-13,2014,Brazil,Group stage,"Arena das Dunas, Natal",Miguel Herrera,Volker Finke,0,5,7,0.2,49,3,7,0.2,20,0,0
Côte d'Ivoire,Japan,2014-06-14,2014,Brazil,Group stage,"Itaipava Arena Pernambuco, Recife",Sabri Lamouchi,Alberto Zaccheroni,0,8,7,0.4,6,5,6,0.4,14,0,0
England,Italy,2014-06-14,2014,Brazil,Group stage,"Arena da Amazônia, Manaus",Roy Hodgson,Cesare Prandelli,2,3,5,0.2,59,7,6,0.2,80,0,0
Uruguay,Costa Rica,2014-06-14,2014,Brazil,Group stage,"Estádio Castelão, Fortaleza",Óscar Tabárez,Jorge Luis Pinto,2,8,8,0.4,47,6,15,0.0,10,0,0
Colombia,Greece,2014-06-14,2014,Brazil,Group stage,"Estádio Governador Magalhães Pinto, Belo Horizonte",José Pekerman,Fernando Santos,0,4,5,0.4,13,2,11,0.2,6,0,0
Argentina,Bosnia,2014-06-15,2014,Brazil,Group stage,"Estadio Jornalista Mário Filho, Rio de Janeiro",Alejandro Sabella,Safet Sušić,0,10,6,0.8,70,0,0,0.0,0,0,0
France,Honduras,2014-06-15,2014,Brazil,Group stage,"Estádio José Pinheiro Borba, Porto Alegre",Didier Deschamps,Luis Suárez,0,3,5,0.2,54,1,5,0.0,6,0,0
Switzerland,Ecuador,2014-06-15,2014,Brazil,Group stage,"Estádio Nacional de Brasília, Brasília",Ottmar Hitzfeld,Reinaldo Rueda,0,3,1,0.4,29,6,4,0.6,7,0,0
Germany,Portugal,2014-06-16,2014,Brazil,Group stage,"Itaipava Arena Fonte Nova, Salvador",Joachim Löw,Paulo Bento,0,12,4,0.8,99,8,4,0.2,23,0,0
Iran,Nigeria,2014-06-16,2014,Brazil,Group stage,"Estádio Joaquim Américo Guimarães, Curitiba",Carlos Queiroz,Stephen Keshi,1,4,9,0.2,9,4,7,0.0,14,0,0
Ghana,United States,2014-06-16,2014,Brazil,Group stage,"Arena das Dunas, Natal",Kwesi Appiah,Jürgen Klinsmann,2,5,4,0.4,9,6,7,0.2,29,0,0
Russia,South Korea,2014-06-17,2014,Brazil,Group stage,"Arena Pantanal, Cuiabá",Fabio Capello,Hong Myung-bo,1,11,8,0.4,37,6,10,0.2,28,0,0
Brazil,Mexico,2014-06-17,2014,Brazil,Group stage,"Estádio Castelão, Fortaleza",Luiz Felipe Scolari,Miguel Herrera,1,10,4,0.6,98,5,5,0.4,50,1,0
Belgium,Algeria,2014-06-17,2014,Brazil,Group stage,"Estádio Governador Magalhães Pinto, Belo Horizonte",Marc Wilmots,Vahid Halilhodžić,0,7,8,0.2,36,0,6,0.0,9,0,0
Cameroon,Croatia,2014-06-18,2014,Brazil,Group stage,"Arena da Amazônia, Manaus",Volker Finke,Niko Kovač,2,2,8,0.0,21,3,7,0.0,14,0,0
Spain,Chile,2014-06-18,2014,Brazil,Group stage,"Estadio Jornalista Mário Filho, Rio de Janeiro",Del Bosque,Jorge Sampaoli,2,5,5,0.8,57,6,6,0.6,30,0,0
Australia,Netherlands,2014-06-18,2014,Brazil,Group stage,"Estádio José Pinheiro Borba, Porto Alegre",Ange Postecoglou,Louis van Gaal,2,4,10,0.2,11,12,6,0.8,44,0,0
Japan,Greece,2014-06-19,2014,Brazil,Group stage,"Arena das Dunas, Natal",Alberto Zaccheroni,Fernando Santos,1,5,4,0.4,15,2,10,0.2,7,0,0
Uruguay,England,2014-06-19,2014,Brazil,Group stage,"Arena Corinthians, São Paulo",Óscar Tabárez,Roy Hodgson,0,8,11,0.2,48,4,7,0.2,60,0,0
Colombia,Côte d'Ivoire,2014-06-19,2014,Brazil,Group stage,"Estádio Nacional de Brasília, Brasília",José Pekerman,Sabri Lamouchi,0,6,3,0.6,14,9,6,0.6,7,0,0
Honduras,Ecuador,2014-06-20,2014,Brazil,Group stage,"Estádio Joaquim Américo Guimarães, Curitiba",Luis Suárez,Reinaldo Rueda,2,0,7,0.0,7,6,6,0.4,8,0,0
Switzerland,France,2014-06-20,2014,Brazil,Group stage,"Itaipava Arena Fonte Nova, Salvador",Ottmar Hitzfeld,Didier Deschamps,2,3,2,0.4,30,5,5,0.2,55,0,0
Italy,Costa Rica,2014-06-20,2014,Brazil,Group stage,"Itaipava Arena Pernambuco, Recife",Cesare Prandelli,Jorge Luis Pinto,2,7,7,0.2,81,8,15,0.2,11,0,0
Argentina,Iran,2014-06-21,2014,Brazil,Group stage,"Estádio Governador Magalhães Pinto, Belo Horizonte",Alejandro Sabella,Carlos Queiroz,0,11,7,0.8,71,2,8,0.0,10,0,0
Germany,Ghana,2014-06-21,2014,Brazil,Group stage,"Estádio Castelão, Fortaleza",Joachim Löw,Kwesi Appiah,1,15,4,0.8,100,5,6,0.2,10,0,0
Nigeria,Bosnia,2014-06-21,2014,Brazil,Group stage,"Arena Pantanal, Cuiabá",Stephen Keshi,Safet Sušić,0,3,5,0.0,15,1,2,0.0,1,0,0
United States,Portugal,2014-06-22,2014,Brazil,Group stage,"Arena da Amazônia, Manaus",Jürgen Klinsmann,Paulo Bento,1,7,6,0.4,30,7,5,0.2,24,0,0
South Korea,Algeria,2014-06-22,2014,Brazil,Group stage,"Estádio José Pinheiro Borba, Porto Alegre",Hong Myung-bo,Vahid Halilhodžić,2,7,9,0.2,29,1,7,0.0,10,0,0
Belgium,Russia,2014-06-22,2014,Brazil,Group stage,"Estadio Jornalista Mário Filho, Rio de Janeiro",Marc Wilmots,Fabio Capello,0,8,8,0.4,37,11,6,0.4,38,0,0
Cameroon,Brazil,2014-06-23,2014,Brazil,Group stage,"Estádio Nacional de Brasília, Brasília",Volker Finke,Luiz Felipe Scolari,2,2,10,0.0,22,7,3,0.4,99,0,1
Croatia,Mexico,2014-06-23,2014,Brazil,Group stage,"Itaipava Arena Pernambuco, Recife",Niko Kovač,Miguel Herrera,2,7,6,0.2,15,4,4,0.4,51,0,0
Netherlands,Chile,2014-06-23,2014,Brazil,Group stage,"Arena Corinthians, São Paulo",Louis van Gaal,Jorge Sampaoli,0,13,7,0.8,45,7,6,0.6,31,0,0
Australia,Spain,2014-06-23,2014,Brazil,Group stage,"Estádio Joaquim Américo Guimarães, Curitiba",Ange Postecoglou,Del Bosque,2,6,12,0.2,12,4,7,0.6,58,0,0
Greece,Côte d'Ivoire,2014-06-24,2014,Brazil,Group stage,"Estádio Castelão, Fortaleza",Fernando Santos,Sabri Lamouchi,0,2,8,0.2,8,7,6,0.4,8,0,0
Japan,Colombia,2014-06-24,2014,Brazil,Group stage,"Arena Pantanal, Cuiabá",Alberto Zaccheroni,José Pekerman,2,4,4,0.2,16,6,4,0.6,15,0,0
Italy,Uruguay,2014-06-24,2014,Brazil,Group stage,"Arena das Dunas, Natal",Cesare Prandelli,Óscar Tabárez,2,6,7,0.2,82,8,11,0.2,49,0,0
Costa Rica,England,2014-06-24,2014,Brazil,Group stage,"Estádio Governador Magalhães Pinto, Belo Horizonte",Jorge Luis Pinto,Roy Hodgson,1,7,10,0.4,12,4,8,0.2,61,0,0
Nigeria,Argentina,2014-06-25,2014,Brazil,Group stage,"Estádio José Pinheiro Borba, Porto Alegre",Stephen Keshi,Alejandro Sabella,2,4,5,0.2,16,8,6,0.8,72,0,0
Bosnia,Iran,2014-06-25,2014,Brazil,Group stage,"Itaipava Arena Fonte Nova, Salvador",Safet Sušić,Carlos Queiroz,0,1,3,0.0,2,2,7,0.0,11,0,0
Ecuador,France,2014-06-25,2014,Brazil,Group stage,"Estadio Jornalista Mário Filho, Rio de Janeiro",Reinaldo Rueda,Didier Deschamps,1,6,7,0.4,9,9,6,0.4,56,0,0
Honduras,Switzerland,2014-06-25,2014,Brazil,Group stage,"Arena da Amazônia, Manaus",Luis Suárez,Ottmar Hitzfeld,2,1,8,0.0,8,5,7,0.4,31,0,0
Algeria,Russia,2014-06-26,2014,Brazil,Group stage,"Estádio Joaquim Américo Guimarães, Curitiba",Vahid Halilhodžić,Fabio Capello,1,5,6,0.2,11,5,6,0.2,39,0,0
South Korea,Belgium,2014-06-26,2014,Brazil,Group stage,"Arena Corinthians, São Paulo",Hong Myung-bo,Marc Wilmots,2,7,13,0.0,30,7,6,0.6,38,0,0
Portugal,Ghana,2014-06-26,2014,Brazil,Group stage,"Estádio Nacional de Brasília, Brasília",Paulo Bento,Kwesi Appiah,0,9,7,0.2,25,6,7,0.2,11,0,0
United States,Germany,2014-06-26,2014,Brazil,Group stage,"Itaipava Arena Pernambuco, Recife",Jürgen Klinsmann,Joachim Löw,2,8,7,0.4,31,13,5,0.6,101,0,0
Colombia,Uruguay,2014-06-28,2014,Brazil,Round of 16,"Estadio Jornalista Mário Filho, Rio de Janeiro",José Pekerman,Óscar Tabárez,0,10,4,0.8,16,8,10,0.4,50,0,0
Brazil,Chile,2014-06-28,2014,Brazil,Round of 16,"Estádio Governador Magalhães Pinto, Belo Horizonte",Luiz Felipe Scolari,Jorge Sampaoli,1,11,4,0.6,100,6,8,0.4,32,1,0
Costa Rica,Greece,2014-06-29,2014,Brazil,Round of 16,"Itaipava Arena Pernambuco, Recife",Jorge Luis Pinto,Fernando Santos,1,5,6,0.4,13,4,7,0.4,9,0,0
Netherlands,Mexico,2014-06-29,2014,Brazil,Round of 16,"Estádio Castelão, Fortaleza",Louis van Gaal,Miguel Herrera,0,13,6,0.8,46,5,5,0.4,52,0,0
Germany,Algeria,2014-06-30,2014,Brazil,Round of 16,"Estádio José Pinheiro Borba, Porto Alegre",Joachim Löw,Vahid Halilhodžić,0,10,5,0.6,102,6,6,0.2,12,0,0
France,Nigeria,2014-06-30,2014,Brazil,Round of 16,"Estádio Nacional de Brasília, Brasília",Didier Deschamps,Stephen Keshi,0,9,6,0.4,57,6,7,0.2,17,0,0
Belgium,United States,2014-07-01,2014,Brazil,Round of 16,"Itaipava Arena Fonte Nova, Salvador",Marc Wilmots,Jürgen Klinsmann,0,7,5,0.8,39,6,6,0.4,32,0,0
Argentina,Switzerland,2014-07-01,2014,Brazil,Round of 16,"Arena Corinthians, São Paulo",Alejandro Sabella,Ottmar Hitzfeld,0,9,8,0.8,73,7,7,0.4,32,0,0
Brazil,Colombia,2014-07-04,2014,Brazil,Quarter-finals,"Estádio Castelão, Fortaleza",Luiz Felipe Scolari,José Pekerman,0,9,5,0.4,101,11,4,0.8,17,1,0
France,Germany,2014-07-04,2014,Brazil,Quarter-finals,"Estadio Jornalista Mário Filho, Rio de Janeiro",Didier Deschamps,Joachim Löw,2,11,4,0.6,58,12,5,0.8,103,0,0
Netherlands,Costa Rica,2014-07-05,2014,Brazil,Quarter-finals,"Itaipava Arena Fonte Nova, Salvador",Louis van Gaal,Jorge Luis Pinto,1,12,5,0.8,47,6,4,0.4,14,0,0
Argentina,Belgium,2014-07-05,2014,Brazil,Quarter-finals,"Estádio Nacional de Brasília, Brasília",Alejandro Sabella,Marc Wilmots,0,7,7,0.8,74,6,4,0.8,40,0,0
Brazil,Germany,2014-07-08,2014,Brazil,Semi-finals,"Estádio Governador Magalhães Pinto, Belo Horizonte",Luiz Felipe Scolari,Joachim Löw,2,10,4,0.6,102,10,3,0.8,104,1,0
Netherlands,Argentina,2014-07-09,2014,Brazil,Semi-finals,"Arena Corinthians, São Paulo",Louis van Gaal,Alejandro Sabella,1,12,4,0.8,48,8,3,1.0,75,0,0
Brazil,Netherlands,2014-07-12,2014,Brazil,Third-place match,"Estádio Nacional de Brasília, Brasília",Luiz Felipe Scolari,Louis van Gaal,2,8,10,0.4,103,7,3,0.6,49,1,0
Germany,Argentina,2014-07-13,2014,Brazil,Final,"Estadio Jornalista Mário Filho, Rio de Janeiro",Joachim Löw,Alejandro Sabella,0,13,4,0.8,105,6,2,0.8,76,0,0
Russia,Saudi Arabia,2018-06-14,2018,Russia,Group stage,"Olimpiyskiy stadion Luzhniki, Moskva",Stanislav Cherchesov,Juan Antonio Pizzi,0,4,7,0.0,40,2,11,0.0,13,1,0
Portugal,Spain,2018-06-15,2018,Russia,Group stage,"Olimpiyskiy Stadion Fisht, Sochi",Fernando Santos,Fernando Hierro,1,4,8,0.2,26,6,7,0.6,59,0,0
Morocco,Iran,2018-06-15,2018,Russia,Group stage,"Gazprom Arena, Sankt-Petersburg",Hervé Renard,Carlos Queiroz,2,7,9,0.2,13,2,7,0.0,12,0,0
Egypt,Uruguay,2018-06-15,2018,Russia,Group stage,"Stadion Central'nyj, Yekaterinburg",Héctor Cúper,Óscar Tabárez,2,3,6,0.0,4,6,9,0.4,51,0,0
Croatia,Nigeria,2018-06-16,2018,Russia,Group stage,"Kaliningrad Stadium, Kaliningrad",Zlatko Dalić,Gernot Rohr,0,8,8,0.2,16,5,7,0.2,18,0,0
Peru,Denmark,2018-06-16,2018,Russia,Group stage,"Mordovia Arena, Saransk",Ricardo Gareca,Åge Hareide,2,2,13,0.0,15,5,9,0.4,16,0,0
Argentina,Iceland,2018-06-16,2018,Russia,Group stage,"Otkrytie Arena, Moskva",Jorge Sampaoli,Heimir Hallgrímsson,1,5,3,0.6,77,0,0,0.0,0,0,0
France,Australia,2018-06-16,2018,Russia,Group stage,"Kazan Arena, Kazan",Didier Deschamps,Bert van Marwijk,0,10,3,0.6,59,6,11,0.2,13,0,0
Costa Rica,Serbia,2018-06-17,2018,Russia,Group stage,"Cosmos Arena, Samara",Oscar Ramírez,Mladen Krstajić,2,5,2,0.4,15,2,3,0.3333333333333333,3,0,0
Brazil,Switzerland,2018-06-17,2018,Russia,Group stage,"Rostov Arena, Rostov-na-Donu",Tite,Vladimir Petković,1,8,13,0.4,104,7,7,0.4,33,0,0
Germany,Mexico,2018-06-17,2018,Russia,Group stage,"Olimpiyskiy stadion Luzhniki, Moskva",Joachim Löw,Juan Carlos Osorio,2,12,2,1.0,106,6,6,0.4,53,0,0
Sweden,South Korea,2018-06-18,2018,Russia,Group stage,"Stadion Nizhny Novgorod, Nizhny Novgorod",Janne Andersson,Shin Taeyong,0,4,6,0.2,46,6,10,0.0,31,0,0
Tunisia,England,2018-06-18,2018,Russia,Group stage,"Volgograd Arena, Volgograd",Nabil Maâloul,Gareth Southgate,2,4,9,0.0,12,4,8,0.2,62,0,0
Belgium,Panama,2018-06-18,2018,Russia,Group stage,"Olimpiyskiy Stadion Fisht, Sochi",Roberto Martínez,Hernán Darío Gómez,0,6,3,0.8,41,0,0,0.0,0,0,0
Colombia,Japan,2018-06-19,2018,Russia,Group stage,"Mordovia Arena, Saransk",José Pekerman,Akira Nishino,2,12,4,0.8,18,5,7,0.2,17,0,0
Russia,Egypt,2018-06-19,2018,Russia,Group stage,"Gazprom Arena, Sankt-Petersburg",Stanislav Cherchesov,Héctor Cúper,0,9,6,0.2,41,3,7,0.0,5,1,0
Poland,Senegal,2018-06-19,2018,Russia,Group stage,"Otkrytie Arena, Moskva",Adam Nawałka,Aliou Cissé,2,5,9,0.4,31,7,6,0.4,5,0,0
Iran,Spain,2018-06-20,2018,Russia,Group stage,"Kazan Arena, Kazan",Carlos Queiroz,Fernando Hierro,2,3,5,0.2,13,8,10,0.4,60,0,0
Uruguay,Saudi Arabia,2018-06-20,2018,Russia,Group stage,"Rostov Arena, Rostov-na-Donu",Óscar Tabárez,Juan Antonio Pizzi,0,5,6,0.6,52,2,15,0.0,14,0,0
Portugal,Morocco,2018-06-20,2018,Russia,Group stage,"Olimpiyskiy stadion Luzhniki, Moskva",Fernando Santos,Hervé Renard,0,7,11,0.2,27,6,8,0.2,14,0,0
Argentina,Croatia,2018-06-21,2018,Russia,Group stage,"Stadion Nizhny Novgorod, Nizhny Novgorod",Jorge Sampaoli,Zlatko Dalić,2,3,2,0.4,78,10,8,0.4,17,0,0
France,Peru,2018-06-21,2018,Russia,Group stage,"Stadion Central'nyj, Yekaterinburg",Didier Deschamps,Ricardo Gareca,0,9,4,0.6,60,2,13,0.0,16,0,0
Denmark,Australia,2018-06-21,2018,Russia,Group stage,"Cosmos Arena, Samara",Åge Hareide,Bert van Marwijk,1,4,9,0.4,17,6,12,0.2,14,0,0
Serbia,Switzerland,2018-06-22,2018,Russia,Group stage,"Kaliningrad Stadium, Kaliningrad",Mladen Krstajić,Vladimir Petković,2,3,3,0.5,4,8,8,0.4,34,0,0
Nigeria,Iceland,2018-06-22,2018,Russia,Group stage,"Volgograd Arena, Volgograd",Gernot Rohr,Heimir Hallgrímsson,0,3,7,0.2,19,1,1,0.0,1,0,0
Brazil,Costa Rica,2018-06-22,2018,Russia,Group stage,"Gazprom Arena, Sankt-Petersburg",Tite,Oscar Ramírez,0,5,13,0.2,105,2,2,0.2,16,0,0
Belgium,Tunisia,2018-06-23,2018,Russia,Group stage,"Otkrytie Arena, Moskva",Roberto Martínez,Nabil Maâloul,0,7,2,0.8,42,4,10,0.0,13,0,0
South Korea,Mexico,2018-06-23,2018,Russia,Group stage,"Rostov Arena, Rostov-na-Donu",Shin Taeyong,Juan Carlos Osorio,2,4,9,0.0,32,6,3,0.6,54,0,0
Germany,Sweden,2018-06-23,2018,Russia,Group stage,"Olimpiyskiy Stadion Fisht, Sochi",Joachim Löw,Janne Andersson,0,11,3,0.8,107,4,4,0.4,47,0,0
Japan,Senegal,2018-06-24,2018,Russia,Group stage,"Stadion Central'nyj, Yekaterinburg",Akira Nishino,Aliou Cissé,1,4,7,0.2,18,8,7,0.4,6,0,0
England,Panama,2018-06-24,2018,Russia,Group stage,"Stadion Nizhny Novgorod, Nizhny Novgorod",Gareth Southgate,Hernán Darío Gómez,0,5,9,0.2,63,0,3,0.0,1,0,0
Poland,Colombia,2018-06-24,2018,Russia,Group stage,"Kazan Arena, Kazan",Adam Nawałka,José Pekerman,2,6,7,0.4,32,10,6,0.6,19,0,0
Iran,Portugal,2018-06-25,2018,Russia,Group stage,"Mordovia Arena, Saransk",Carlos Queiroz,Fernando Santos,1,2,5,0.2,14,8,10,0.4,28,0,0
Spain,Morocco,2018-06-25,2018,Russia,Group stage,"Kaliningrad Stadium, Kaliningrad",Fernando Hierro,Hervé Renard,1,8,10,0.4,61,5,7,0.2,15,0,0
Uruguay,Russia,2018-06-25,2018,Russia,Group stage,"Cosmos Arena, Samara",Óscar Tabárez,Stanislav Cherchesov,0,5,3,0.8,53,10,4,0.4,42,0,1
Saudi Arabia,Egypt,2018-06-25,2018,Russia,Group stage,"Volgograd Arena, Volgograd",Juan Antonio Pizzi,Héctor Cúper,0,2,13,0.0,15,2,6,0.0,6,0,0
Nigeria,Argentina,2018-06-26,2018,Russia,Group stage,"Gazprom Arena, Sankt-Petersburg",Gernot Rohr,Jorge Sampaoli,2,5,7,0.4,20,2,5,0.2,79,0,0
Iceland,Croatia,2018-06-26,2018,Russia,Group stage,"Rostov Arena, Rostov-na-Donu",Heimir Hallgrímsson,Zlatko Dalić,2,1,3,0.0,2,11,6,0.6,18,0,0
Denmark,France,2018-06-26,2018,Russia,Group stage,"Olimpiyskiy stadion Luzhniki, Moskva",Åge Hareide,Didier Deschamps,1,5,7,0.4,18,5,2,0.6,61,0,0
Australia,Peru,2018-06-26,2018,Russia,Group stage,"Olimpiyskiy Stadion Fisht, Sochi",Bert van Marwijk,Ricardo Gareca,2,5,12,0.0,15,2,8,0.0,17,0,0
South Korea,Germany,2018-06-27,2018,Russia,Group stage,"Kazan Arena, Kazan",Shin Taeyong,Joachim Löw,0,4,9,0.0,33,11,3,0.8,108,0,0
Switzerland,Costa Rica,2018-06-27,2018,Russia,Group stage,"Stadion Nizhny Novgorod, Nizhny Novgorod",Vladimir Petković,Oscar Ramírez,1,8,8,0.4,35,1,4,0.0,17,0,0
Serbia,Brazil,2018-06-27,2018,Russia,Group stage,"Otkrytie Arena, Moskva",Mladen Krstajić,Tite,2,4,5,0.4,5,6,12,0.4,106,0,0
Mexico,Sweden,2018-06-27,2018,Russia,Group stage,"Stadion Central'nyj, Yekaterinburg",Juan Carlos Osorio,Janne Andersson,2,7,4,0.6,55,5,6,0.4,48,0,0
Panama,Tunisia,2018-06-28,2018,Russia,Group stage,"Mordovia Arena, Saransk",Hernán Darío Gómez,Nabil Maâloul,2,1,9,0.0,2,6,13,0.0,14,0,0
England,Belgium,2018-06-28,2018,Russia,Group stage,"Kaliningrad Stadium, Kaliningrad",Gareth Southgate,Roberto Martínez,2,10,6,0.4,64,11,4,0.8,43,0,0
Senegal,Colombia,2018-06-28,2018,Russia,Group stage,"Cosmos Arena, Samara",Aliou Cissé,José Pekerman,2,9,8,0.4,7,11,5,0.6,20,0,0
Japan,Poland,2018-06-28,2018,Russia,Group stage,"Volgograd Arena, Volgograd",Akira Nishino,Adam Nawałka,2,6,9,0.2,19,3,9,0.2,33,0,0
Uruguay,Portugal,2018-06-30,2018,Russia,Round of 16,"Olimpiyskiy Stadion Fisht, Sochi",Óscar Tabárez,Fernando Santos,0,6,2,0.8,54,9,7,0.4,29,0,0
France,Argentina,2018-06-30,2018,Russia,Round of 16,"Kazan Arena, Kazan",Didier Deschamps,Jorge Sampaoli,0,5,2,0.6,62,3,6,0.2,80,0,0
Croatia,Denmark,2018-07-01,2018,Russia,Round of 16,"Stadion Nizhny Novgorod, Nizhny Novgorod",Zlatko Dalić,Åge Hareide,1,12,4,0.8,19,5,5,0.4,19,0,0
Spain,Russia,2018-07-01,2018,Russia,Round of 16,"Olimpiyskiy stadion Luzhniki, Moskva",Fernando Hierro,Stanislav Cherchesov,1,9,7,0.4,62,9,6,0.4,43,0,1
Belgium,Japan,2018-07-02,2018,Russia,Round of 16,"Rostov Arena, Rostov-na-Donu",Roberto Martínez,Akira Nishino,0,11,4,0.8,44,5,8,0.2,20,0,0
Brazil,Mexico,2018-07-02,2018,Russia,Round of 16,"Cosmos Arena, Samara",Tite,Juan Carlos Osorio,0,6,11,0.4,107,7,7,0.6,56,0,0
Colombia,England,2018-07-03,2018,Russia,Round of 16,"Otkrytie Arena, Moskva",José Pekerman,Gareth Southgate,1,8,4,0.6,21,9,5,0.4,65,0,0
Sweden,Switzerland,2018-07-03,2018,Russia,Round of 16,"Gazprom Arena, Sankt-Petersburg",Janne Andersson,Vladimir Petković,0,7,6,0.4,49,8,5,0.4,36,0,0
Brazil,Belgium,2018-07-06,2018,Russia,Quarter-finals,"Kazan Arena, Kazan",Tite,Roberto Martínez,2,7,4,0.6,108,12,5,0.8,45,0,0
Uruguay,France,2018-07-06,2018,Russia,Quarter-finals,"Stadion Nizhny Novgorod, Nizhny Novgorod",Óscar Tabárez,Didier Deschamps,2,7,3,0.8,55,7,5,0.6,63,0,0
Russia,Croatia,2018-07-07,2018,Russia,Quarter-finals,"Olimpiyskiy Stadion Fisht, Sochi",Stanislav Cherchesov,Zlatko Dalić,1,10,6,0.4,44,9,5,0.6,20,1,0
Sweden,England,2018-07-07,2018,Russia,Quarter-finals,"Cosmos Arena, Samara",Janne Andersson,Gareth Southgate,2,6,4,0.6,50,9,4,0.4,66,0,0
France,Belgium,2018-07-10,2018,Russia,Semi-finals,"Gazprom Arena, Sankt-Petersburg",Didier Deschamps,Roberto Martínez,0,9,4,0.8,64,14,5,1.0,46,0,0
Croatia,England,2018-07-11,2018,Russia,Semi-finals,"Olimpiyskiy stadion Luzhniki, Moskva",Zlatko Dalić,Gareth Southgate,0,10,4,0.6,21,11,4,0.6,67,0,0
Belgium,England,2018-07-14,2018,Russia,Third-place match,"Gazprom Arena, Sankt-Petersburg",Roberto Martínez,Gareth Southgate,0,11,6,0.8,47,10,5,0.4,68,0,0
France,Croatia,2018-07-15,2018,Russia,Final,"Olimpiyskiy stadion Luzhniki, Moskva",Didier Deschamps,Zlatko Dalić,0,8,3,0.8,65,10,5,0.6,22,0,0
Qatar,Ecuador,2022-11-20,2022,Qatar,Group stage,"Al Bayt Stadium, Al Khor",Félix Sánchez,Gustavo Alfaro,2,0,0,0.0,0,3,7,0.2,10,1,0
United States,Wales,2022-11-21,2022,Qatar,Group stage,"Ahmed bin Ali Stadium, Umm al-Afā'ī",Gregg Berhalter,Rob Page,1,6,8,0.2,33,4,4,0.2,5,0,0
Senegal,Netherlands,2022-11-21,2022,Qatar,Group stage,"Al Thumama Stadium, ath-Thumāma",Aliou Cissé,Louis van Gaal,2,6,6,0.4,8,7,1,0.6,50,0,0
England,Iran,2022-11-21,2022,Qatar,Group stage,"Khalifa International Stadium, Doha",Gareth Southgate,Carlos Queiroz,0,4,6,0.2,69,3,6,0.2,15,0,0
Argentina,Saudi Arabia,2022-11-22,2022,Qatar,Group stage,"Lusail Iconic Stadium, Lusail",Lionel Scaloni,Hervé Renard,2,6,10,0.2,81,2,12,0.2,16,0,0
Mexico,Poland,2022-11-22,2022,Qatar,Group stage,"Stadium 974, Doha",Tata Martino,Czesław Michniewicz,1,4,8,0.4,57,4,7,0.4,34,0,0
France,Australia,2022-11-22,2022,Qatar,Group stage,"Al Janoub Stadium, Al Wakrah",Didier Deschamps,Graham Arnold,0,11,5,0.8,66,4,11,0.0,16,0,0
Denmark,Tunisia,2022-11-22,2022,Qatar,Group stage,"Education City Stadium, Doha",Kasper Hjulmand,Jalel Kadri,1,4,5,0.2,20,6,12,0.2,15,0,0
Belgium,Canada,2022-11-23,2022,Qatar,Group stage,"Ahmed bin Ali Stadium, Umm al-Afā'ī",Roberto Martínez,John Herdman,0,8,4,0.8,48,0,5,0.0,3,0,0
Spain,Costa Rica,2022-11-23,2022,Qatar,Group stage,"Al Thumama Stadium, ath-Thumāma",Luis Enrique,Luis Fernando Suárez,0,10,6,0.4,63,3,6,0.0,18,0,0
Germany,Japan,2022-11-23,2022,Qatar,Group stage,"Khalifa International Stadium, Doha",Hansi Flick,Hajime Moriyasu,2,10,5,0.6,109,7,11,0.2,21,0,0
Morocco,Croatia,2022-11-23,2022,Qatar,Group stage,"Al Bayt Stadium, Al Khor",Hoalid Regragui,Zlatko Dalić,1,5,7,0.2,16,9,9,0.4,23,0,0
Brazil,Serbia,2022-11-24,2022,Qatar,Group stage,"Lusail Iconic Stadium, Lusail",Tite,Dragan Stojković,0,8,3,0.6,109,4,6,0.4,6,0,0
Portugal,Ghana,2022-11-24,2022,Qatar,Group stage,"Stadium 974, Doha",Fernando Santos,Otto Addo,0,8,7,0.4,30,7,8,0.2,12,0,0
Uruguay,South Korea,2022-11-24,2022,Qatar,Group stage,"Education City Stadium, Doha",Diego Alonso,Paulo Bento,1,7,3,0.8,56,5,8,0.2,34,0,0
Switzerland,Cameroon,2022-11-24,2022,Qatar,Group stage,"Al Janoub Stadium, Al Wakrah",Murat Yakin,Rigobert Song,0,5,6,0.2,37,3,13,0.0,23,0,0
England,United States,2022-11-25,2022,Qatar,Group stage,"Al Bayt Stadium, Al Khor",Gareth Southgate,Gregg Berhalter,1,10,7,0.4,70,6,7,0.2,34,0,0
Netherlands,Ecuador,2022-11-25,2022,Qatar,Group stage,"Khalifa International Stadium, Doha",Louis van Gaal,Gustavo Alfaro,1,7,1,0.6,51,5,4,0.4,11,0,0
Qatar,Senegal,2022-11-25,2022,Qatar,Group stage,"Al Thumama Stadium, ath-Thumāma",Félix Sánchez,Aliou Cissé,2,0,2,0.0,1,4,7,0.2,9,1,0
Wales,Iran,2022-11-25,2022,Qatar,Group stage,"Ahmed bin Ali Stadium, Umm al-Afā'ī",Rob Page,Carlos Queiroz,2,4,4,0.2,6,5,11,0.2,16,0,0
Tunisia,Australia,2022-11-26,2022,Qatar,Group stage,"Al Janoub Stadium, Al Wakrah",Jalel Kadri,Graham Arnold,2,5,9,0.2,16,3,12,0.0,17,0,0
Argentina,Mexico,2022-11-26,2022,Qatar,Group stage,"Lusail Iconic Stadium, Lusail",Lionel Scaloni,Tata Martino,0,7,11,0.2,82,3,6,0.4,58,0,0
France,Denmark,2022-11-26,2022,Qatar,Group stage,"Stadium 974, Doha",Didier Deschamps,Kasper Hjulmand,0,15,6,1.0,67,3,2,0.2,21,0,0
Poland,Saudi Arabia,2022-11-26,2022,Qatar,Group stage,"Education City Stadium, Doha",Czesław Michniewicz,Hervé Renard,0,4,6,0.4,35,4,9,0.4,17,0,0
Spain,Germany,2022-11-27,2022,Qatar,Group stage,"Al Bayt Stadium, Al Khor",Luis Enrique,Hansi Flick,1,14,6,0.4,64,4,6,0.4,110,0,0
Croatia,Canada,2022-11-27,2022,Qatar,Group stage,"Khalifa International Stadium, Doha",Zlatko Dalić,John Herdman,0,7,8,0.2,24,0,6,0.0,4,0,0
Belgium,Morocco,2022-11-27,2022,Qatar,Group stage,"Al Thumama Stadium, ath-Thumāma",Roberto Martínez,Hoalid Regragui,2,8,4,0.8,49,5,4,0.2,17,0,0
Japan,Costa Rica,2022-11-27,2022,Qatar,Group stage,"Ahmed bin Ali Stadium, Umm al-Afā'ī",Hajime Moriyasu,Luis Fernando Suárez,2,8,8,0.4,22,2,12,0.0,19,0,0
Portugal,Uruguay,2022-11-28,2022,Qatar,Group stage,"Lusail Iconic Stadium, Lusail",Fernando Santos,Diego Alonso,0,9,8,0.4,31,6,3,0.6,57,0,0
Brazil,Switzerland,2022-11-28,2022,Qatar,Group stage,"Stadium 974, Doha",Tite,Murat Yakin,0,9,2,0.8,110,6,5,0.4,38,0,0
South Korea,Ghana,2022-11-28,2022,Qatar,Group stage,"Education City Stadium, Doha",Paulo Bento,Otto Addo,2,3,4,0.2,35,7,10,0.0,13,0,0
Cameroon,Serbia,2022-11-28,2022,Qatar,Group stage,"Al Janoub Stadium, Al Wakrah",Rigobert Song,Dragan Stojković,1,2,12,0.0,24,3,8,0.2,7,0,0
Netherlands,Qatar,2022-11-29,2022,Qatar,Group stage,"Al Bayt Stadium, Al Khor",Louis van Gaal,Félix Sánchez,0,6,1,0.4,52,1,5,0.0,2,0,1
Ecuador,Senegal,2022-11-29,2022,Qatar,Group stage,"Khalifa International Stadium, Doha",Gustavo Alfaro,Aliou Cissé,2,6,4,0.4,12,7,7,0.4,10,0,0
Wales,England,2022-11-29,2022,Qatar,Group stage,"Ahmed bin Ali Stadium, Umm al-Afā'ī",Rob Page,Gareth Southgate,2,3,5,0.2,7,9,6,0.4,71,0,0
Iran,United States,2022-11-29,2022,Qatar,Group stage,"Al Thumama Stadium, ath-Thumāma",Carlos Queiroz,Gregg Berhalter,2,6,8,0.4,17,4,6,0.0,35,0,0
Poland,Argentina,2022-11-30,2022,Qatar,Group stage,"Stadium 974, Doha",Czesław Michniewicz,Lionel Scaloni,2,4,5,0.4,36,8,10,0.4,83,0,0
Saudi Arabia,Mexico,2022-11-30,2022,Qatar,Group stage,"Lusail Iconic Stadium, Lusail",Hervé Renard,Tata Martino,2,4,10,0.4,18,2,8,0.2,59,0,0
Tunisia,France,2022-11-30,2022,Qatar,Group stage,"Education City Stadium, Doha",Jalel Kadri,Didier Deschamps,0,5,9,0.2,17,13,4,1.0,68,0,0
Australia,Denmark,2022-11-30,2022,Qatar,Group stage,"Al Janoub Stadium, Al Wakrah",Graham Arnold,Kasper Hjulmand,0,4,9,0.2,18,3,4,0.0,22,0,0
Japan,Spain,2022-12-01,2022,Qatar,Group stage,"Khalifa International Stadium, Doha",Hajime Moriyasu,Luis Enrique,0,6,8,0.2,23,12,4,0.4,65,0,0
Costa Rica,Germany,2022-12-01,2022,Qatar,Group stage,"Al Bayt Stadium, Al Khor",Luis Fernando Suárez,Hansi Flick,2,3,12,0.2,20,4,7,0.2,111,0,0
Croatia,Belgium,2022-12-01,2022,Qatar,Group stage,"Ahmed bin Ali Stadium, Umm al-Afā'ī",Zlatko Dalić,Roberto Martínez,1,10,8,0.4,25,5,4,0.6,50,0,0
Canada,Morocco,2022-12-01,2022,Qatar,Group stage,"Al Thumama Stadium, ath-Thumāma",John Herdman,Hoalid Regragui,2,1,10,0.0,5,4,4,0.2,18,0,0
Serbia,Switzerland,2022-12-02,2022,Qatar,Group stage,"Stadium 974, Doha",Dragan Stojković,Murat Yakin,2,5,9,0.2,8,5,5,0.4,39,0,0
Cameroon,Brazil,2022-12-02,2022,Qatar,Group stage,"Lusail Iconic Stadium, Lusail",Rigobert Song,Tite,0,4,13,0.0,25,8,2,0.8,111,0,0
Ghana,Uruguay,2022-12-02,2022,Qatar,Group stage,"Al Janoub Stadium, Al Wakrah",Otto Addo,Diego Alonso,2,9,11,0.2,14,5,5,0.4,58,0,0
South Korea,Portugal,2022-12-02,2022,Qatar,Group stage,"Education City Stadium, Doha",Sérgio Costa,Fernando Santos,0,5,6,0.2,36,8,5,0.6,32,0,0
Netherlands,United States,2022-12-03,2022,Qatar,Round of 16,"Khalifa International Stadium, Doha",Louis van Gaal,Gregg Berhalter,0,8,1,0.6,53,3,4,0.2,36,0,0
Argentina,Australia,2022-12-03,2022,Qatar,Round of 16,"Ahmed bin Ali Stadium, Umm al-Afā'ī",Lionel Scaloni,Graham Arnold,0,10,7,0.6,84,4,7,0.4,19,0,0
England,Senegal,2022-12-04,2022,Qatar,Round of 16,"Al Bayt Stadium, Al Khor",Gareth Southgate,Aliou Cissé,0,10,6,0.4,72,7,7,0.4,11,0,0
France,Poland,2022-12-04,2022,Qatar,Round of 16,"Al Thumama Stadium, ath-Thumāma",Didier Deschamps,Czesław Michniewicz,0,11,5,0.8,69,3,5,0.4,37,0,0
Brazil,South Korea,2022-12-05,2022,Qatar,Round of 16,"Stadium 974, Doha",Tite,Paulo Bento,0,6,3,0.6,112,7,6,0.4,37,0,0
Japan,Croatia,2022-12-05,2022,Qatar,Round of 16,"Al Janoub Stadium, Al Wakrah",Hajime Moriyasu,Zlatko Dalić,1,6,7,0.4,24,8,6,0.4,26,0,0
Portugal,Switzerland,2022-12-06,2022,Qatar,Round of 16,"Lusail Iconic Stadium, Lusail",Fernando Santos,Murat Yakin,0,8,7,0.4,33,6,6,0.4,40,0,0
Morocco,Spain,2022-12-06,2022,Qatar,Round of 16,"Education City Stadium, Doha",Hoalid Regragui,Luis Enrique,1,6,4,0.4,19,12,6,0.2,66,0,0
Netherlands,Argentina,2022-12-09,2022,Qatar,Quarter-finals,"Lusail Iconic Stadium, Lusail",Louis van Gaal,Lionel Scaloni,1,11,2,0.8,54,10,7,0.6,85,0,0
Croatia,Brazil,2022-12-09,2022,Qatar,Quarter-finals,"Education City Stadium, Doha",Zlatko Dalić,Tite,1,7,6,0.2,27,8,4,0.6,113,0,0
England,France,2022-12-10,2022,Qatar,Quarter-finals,"Al Bayt Stadium, Al Khor",Gareth Southgate,Didier Deschamps,2,12,4,0.6,73,13,6,0.8,70,0,0
Morocco,Portugal,2022-12-10,2022,Qatar,Quarter-finals,"Al Thumama Stadium, ath-Thumāma",Hoalid Regragui,Fernando Santos,0,6,3,0.4,20,13,7,0.6,34,0,0
Argentina,Croatia,2022-12-13,2022,Qatar,Semi-finals,"Lusail Iconic Stadium, Lusail",Lionel Scaloni,Zlatko Dalić,0,9,5,0.6,86,6,3,0.2,28,0,0
France,Morocco,2022-12-14,2022,Qatar,Semi-finals,"Al Bayt Stadium, Al Khor",Didier Deschamps,Hoalid Regragui,0,11,5,0.8,71,5,1,0.6,21,0,0
Croatia,Morocco,2022-12-17,2022,Qatar,Third-place match,"Khalifa International Stadium, Doha",Zlatko Dalić,Hoalid Regragui,0,6,6,0.2,29,5,3,0.6,22,0,0
Argentina,France,2022-12-18,2022,Qatar,Final,"Lusail Iconic Stadium, Lusail",Lionel Scaloni,Didier Deschamps,1,11,3,0.8,87,9,4,0.8,72,0,0
